inst_id,OC,sido,sgg,openDate,bedCount,instkind,revenue1,salescost1,sga1,salary1,noi1,noe1,interest1,ctax1,profit1,liquidAsset1,quickAsset1,receivableS1,inventoryAsset1,nonCAsset1,tanAsset1,OnonCAsset1,receivableL1,debt1,liquidLiabilities1,shortLoan1,NCLiabilities1,longLoan1,netAsset1,surplus1,revenue2,salescost2,sga2,salary2,noi2,noe2,interest2,ctax2,profit2,liquidAsset2,quickAsset2,receivableS2,inventoryAsset2,nonCAsset2,tanAsset2,OnonCAsset2,receivableL2,debt2,liquidLiabilities2,shortLoan2,NCLiabilities2,longLoan2,netAsset2,surplus2,employee1,employee2,ownerChange,open_year,open_month
2,,incheon,139,19981125.0,300.0,general_hospital,66824864411.0,1.0,65657092102.0,32236953403.0,4314093450.0,4901516563.0,1775872237.0,76680001.0,503669197.0,25913847299.0,24387412810.0,724257979.0,1526434490.0,48072817615.0,46299313666.0,746312241.0,1.0,67690895831.0,54260878190.0,38059269377.0,13430017642.0,6319096674.0,6295769083.0,8944587277.0,63603752483.0,1.0,62611262315.0,30169456546.0,4076448391.0,4332356669.0,1578625702.0,218399805.0,518182087.0,24989917016.0,23679279657.0,1237753942.0,1310637360.0,46501910027.0,43562963178.0,796386241.0,1.0,55406431668.0,50684431668.0,37143344382.0,4720000001.0,4690000001.0,16085395375.0,8944587277.0,693.0,693.0,0,1998,11
5,,jeju,149,20160309.0,44.0,hospital,34957575569.0,1.0,32592697197.0,16722544254.0,68710236.0,1981032862.0,1936454792.0,1.0,452555747.0,5861727242.0,5372198190.0,661028977.0,489529053.0,75110103879.0,66786481123.0,4500001.0,1.0,66267365959.0,42109451948.0,23300000001.0,24157914012.0,17200000001.0,14704465162.0,10462774451.0,37542526999.0,1.0,38685229260.0,18977322463.0,191802229.0,3694365216.0,2016114116.0,1.0,-4645265247.0,5503720306.0,4943368383.0,154430729.0,560351924.0,65593789831.0,65453024831.0,14500001.0,1.0,67308375171.0,42098280734.0,24200000001.0,25210094438.0,18300000001.0,3789134966.0,1.0,379.0,371.0,0,2016,03
6,,jeonnam,103,19890427.0,276.0,general_hospital,23260305968.0,2542570944.0,23087485221.0,11687337553.0,1601942758.0,1380941440.0,810120396.0,1.0,-2148748877.0,12653132776.0,11339218658.0,7337106675.0,1313914119.0,29454672517.0,28306315537.0,138806981.0,1.0,1.0,28306315537.0,21822782891.0,1.0,1.0,1.0,16385400959.0,24680345067.0,1500100034.0,23739495735.0,11911460195.0,236121644.0,1328858390.0,625923371.0,15210271.0,-1667197716.0,13542016216.0,12638512619.0,7003702835.0,903503598.0,29388100803.0,27775892340.0,428850981.0,1.0,1.0,27775892340.0,21822782891.0,1.0,1.0,1.0,16385400959.0,604.1578947368421,570.8333333333334,0,1989,04
8,,busan,71,20100226.0,363.0,general_hospital,1.0,1.0,1.0,1.0,4850652290.0,2060988818.0,1.0,1.0,2789663473.0,8644532587.0,7891338156.0,1.0,753194432.0,67302642304.0,64152971337.0,1.0,1.0,28918804752.0,26041925485.0,18751867180.0,2876879268.0,1.0,47028370139.0,1.0,1.0,1.0,1.0,1.0,4975530164.0,2112735906.0,1.0,1.0,2862794259.0,12048967678.0,11264812601.0,1.0,784155078.0,39209035439.0,36019373570.0,1.0,1.0,12115167524.0,9556237016.0,4251867180.0,2558930509.0,1.0,39142835593.0,1.0,760.0,760.0,0,2010,02
10,,jeonbuk,26,20040604.0,213.0,general_hospital,50370249898.0,1.0,48558027277.0,22963463016.0,1534452041.0,1.0,2573803975.0,1.0,3346674662.0,7849771654.0,7138326630.0,110400001.0,711445025.0,64048538312.0,60243012012.0,3582018881.0,1.0,49216366415.0,25033534026.0,17202185667.0,24182832390.0,9976421130.0,22681943551.0,14926909184.0,43489959876.0,1.0,40678103062.0,18716161001.0,1802199487.0,1.0,3925279032.0,1.0,4614056301.0,8847724532.0,7868783628.0,176400001.0,978940905.0,60856886147.0,60141108128.0,546748881.0,1.0,43959732612.0,7535567469.0,3298427376.0,36424165144.0,21347120001.0,25744878067.0,15072685842.0,437.0,385.0,0,2004,06
12,,gyeonggi,122,20081224.0,220.0,general_hospital,43816543123.0,10051312609.0,29264928640.0,19715446218.0,3260366824.0,4892588018.0,997988590.0,271988091.0,2596092592.0,8963374278.0,8637166339.0,2596579661.0,326207940.0,54735951708.0,53736518724.0,428135401.0,1.0,44870859678.0,28458208283.0,16500000001.0,16412651396.0,10769341544.0,18828466308.0,1.0,43205986982.0,10360798266.0,28650436009.0,18929579743.0,2709076771.0,4664388743.0,1164551474.0,224753013.0,2014687725.0,8684358483.0,8391008392.0,2496725321.0,293350092.0,61584242082.0,61328126082.0,242516001.0,1.0,45459114418.0,24757164387.0,17557900001.0,20701950032.0,17169340033.0,24809486147.0,1.0,386.0,397.0,0,2008,12
13,,gyeonggi,31,20020513.0,370.0,general_hospital,86227731974.0,21961377250.0,61519717054.0,39714189796.0,557312991.0,1248942581.0,748387650.0,899154423.0,1155853660.0,14662039231.0,13808608821.0,10398621.0,853430411.0,64060070911.0,63875805351.0,155000001.0,1.0,47525559217.0,35433264970.0,16092267083.0,12092294248.0,3107573701.0,31196550925.0,1.0,78557968312.0,21429209411.0,54159976793.0,35220203701.0,570061052.0,1269665773.0,850735570.0,289991681.0,1979185709.0,11719939069.0,11022942865.0,2825781.0,696996205.0,65121511923.0,64877246363.0,215000001.0,1.0,42367245002.0,25878792830.0,11979310284.0,16488452173.0,13811232842.0,34474205990.0,1.0,727.0,580.0,0,2002,05
20,,jeonbuk,147,20070110.0,246.0,general_hospital,35709731766.0,4188686630.0,30001785787.0,18255735891.0,372357782.0,677858349.0,625185242.0,84562546.0,1129196239.0,7322581446.0,6897496734.0,158768022.0,425084713.0,22075205035.0,21151715646.0,305000001.0,1.0,24485924431.0,19153080164.0,11809416754.0,5332844268.0,3317219789.0,4911862050.0,294291558.0,29692963395.0,3727673680.0,24367610168.0,15551937481.0,333809041.0,1695891594.0,596904230.0,1.0,235596996.0,4344680647.0,3915392957.0,97018057.0,429287691.0,24604064303.0,23414266339.0,235000001.0,1.0,22754052023.0,8100283092.0,3139853467.0,14653768932.0,12266530318.0,6194692927.0,1577122435.0,377.0,346.0,0,2007,01
21,,gyeongbuk,95,20151209.0,148.0,nursing_hospital,2719142465.0,1.0,2067186287.0,900922931.0,177541557.0,116742066.0,104670416.0,1.0,712755670.0,2440569113.0,2416656944.0,1361958423.0,23912170.0,22312801691.0,16605491247.0,24690001.0,1.0,18527743438.0,12256879548.0,11706987878.0,6270863891.0,4977311281.0,6225627366.0,1.0,1.0,1.0,1.0,1.0,1.0,1.0,1.0,1.0,1.0,1.0,1.0,1.0,1.0,1.0,1.0,1.0,1.0,1.0,1.0,1.0,1.0,1.0,1.0,1.0,17.0,17.0,0,2015,12
23,,gyeonggi,169,19851223.0,27.0,hospital,70340410792.0,15703609482.0,51774179538.0,32040054581.0,446597277.0,1730254304.0,1658762095.0,238518391.0,1340446357.0,9285804387.0,8766996224.0,13083631.0,518808164.0,56412209807.0,55132585664.0,940029256.0,1.0,57040737105.0,18867341664.0,10966044436.0,38173395442.0,23647710001.0,8657277089.0,7321694998.0,56091019851.0,12750399683.0,41355281670.0,26619996531.0,1604990994.0,2068379180.0,1941941842.0,1.0,1521950314.0,9677090985.0,9071466703.0,11432011.0,605624283.0,62560959005.0,60246819339.0,980529256.0,1.0,62419285027.0,15143328142.0,7749622619.0,47275956886.0,33318400001.0,9818764963.0,8483182872.0,532.0,409.0,0,1985,12
24,,gyeonggi,169,20071109.0,0.0,traditional_clinic,70340410792.0,15703609482.0,51774179538.0,32040054581.0,446597277.0,1730254304.0,1658762095.0,238518391.0,1340446357.0,9285804387.0,8766996224.0,13083631.0,518808164.0,56412209807.0,55132585664.0,940029256.0,1.0,57040737105.0,18867341664.0,10966044436.0,38173395442.0,23647710001.0,8657277089.0,7321694998.0,56091019851.0,12750399683.0,41355281670.0,26619996531.0,1604990994.0,2068379180.0,1941941842.0,1.0,1521950314.0,9677090985.0,9071466703.0,11432011.0,605624283.0,62560959005.0,60246819339.0,980529256.0,1.0,62419285027.0,15143328142.0,7749622619.0,47275956886.0,33318400001.0,9818764963.0,8483182872.0,532.0,409.0,0,2007,11
28,,jeonnam,91,20080404.0,183.0,hospital,9030641728.0,1925932741.0,7538562880.0,5698014784.0,109284955.0,541063585.0,163287382.0,1.0,-865632521.0,1709659329.0,1407379318.0,1012639928.0,302280012.0,9239931319.0,9214931319.0,21000001.0,1.0,14771180260.0,13006480260.0,10041612243.0,1764700001.0,1634700001.0,-3821589612.0,-8636717672.0,10042045273.0,2017184091.0,7871505350.0,5909383188.0,77602641.0,210451124.0,190696724.0,1.0,20507351.0,1755944995.0,1427059291.0,1059618702.0,328885705.0,9413528203.0,9390528203.0,19000001.0,1.0,14125430288.0,11485976052.0,7929080078.0,2639454237.0,2227082501.0,-2955957090.0,-7771085150.0,128.0,127.0,1,2008,04
29,,daejeon,50,19820630.0,363.0,general_hospital,181000000001.0,49235683540.0,127000000001.0,82395611834.0,3057687704.0,6022483597.0,640952505.0,644745397.0,1183258915.0,27352849370.0,26894214964.0,21441826108.0,458634407.0,104000000001.0,102000000001.0,2335743451.0,1.0,95318613524.0,68916350702.0,10000000001.0,26402262823.0,294000001.0,36531619578.0,1.0,170000000001.0,44719034746.0,122000000001.0,78900698512.0,3789379535.0,5334702653.0,813426556.0,420245774.0,1592170925.0,26469057302.0,25560267789.0,18084349378.0,908789514.0,95184882568.0,92767139118.0,2367743451.0,1.0,86305579206.0,35265508987.0,1.0,51040070220.0,25000000001.0,35348360664.0,1.0,1637.0,1547.0,0,1982,06
30,,seoul,36,20080801.0,173.0,hospital,6637115541.0,1.0,7465698402.0,3715042091.0,230399499.0,1903198446.0,1779580635.0,1.0,-2501381807.0,1.0,1.0,1.0,1.0,1.0,1.0,1.0,1.0,1.0,1.0,1.0,1.0,1.0,1.0,1.0,7435991092.0,1.0,8509531709.0,3991394551.0,171080135.0,1652998534.0,1498246053.0,7461.0,-2555466475.0,1.0,1.0,1.0,1.0,1.0,1.0,1.0,1.0,1.0,1.0,1.0,1.0,1.0,1.0,1.0,148.09375,140.56666666666666,0,2008,08
31,,busan,63,20030102.0,363.0,general_hospital,170000000001.0,42064606477.0,109000000001.0,66634991841.0,3801171574.0,11496795212.0,285988610.0,2308489421.0,8558211320.0,38062406248.0,37228891296.0,1.0,833514953.0,37340888940.0,27085294837.0,6386363341.0,1.0,51120475552.0,33139036424.0,9314062587.0,17981439129.0,399980001.0,24282819636.0,17060885861.0,156000000001.0,39540787366.0,105000000001.0,62115136521.0,3403901892.0,7619548246.0,356641759.0,1005360331.0,6053922958.0,28574636059.0,27722362015.0,1.0,852274045.0,28997831164.0,21139061911.0,6301729601.0,1.0,41887732608.0,27476580734.0,3856641663.0,14411151875.0,6216570001.0,15684734615.0,8462800840.0,1816.0,1104.0,0,2003,01
32,,busan,64,19950330.0,226.0,general_hospital,60304169944.73684,17194783168.894737,40464125303.26316,21713849466.0,1856035982.6842105,2466553345.4736843,729123440.7368422,325476164.8947368,1676499953.6842105,13005962745.736841,12308329962.68421,1812050004.631579,693842595.3157895,47889261768.789474,44361022410.73684,1355371348.1052632,1.0,40625064998.57895,24317314192.105263,9428349028.157894,17803401839.57895,7780681974.263158,18093901356.842106,5758290602.894737,56146625453.210526,16066925728.789474,37147182487.26316,19565574453.473682,1742197654.368421,2461488136.263158,821912717.5263158,201203164.68421054,2018784888.0526316,12917297779.105263,12228383172.052631,1669326501.5789473,663510769.9473684,44680706795.47369,41420141119.31579,1149020541.4210527,1.0,36480379346.0,19173044895.05263,6658665909.684211,18767371213.842106,11046226092.631578,18839899691.42105,5149665743.947369,566.0,566.0,0,1995,03
40,,jeonbuk,29,20080901.0,264.0,nursing_hospital,5367782549.0,288007909.0,5048359983.0,3134553742.0,24357386.0,263699826.0,235333229.0,1.0,-207927781.0,981030848.0,830128053.0,623743251.0,150902796.0,10638530804.0,10516902804.0,100000001.0,1.0,8878821062.0,8549774753.0,7875500001.0,329046310.0,1.0,2740740590.0,1.0,5435696873.0,241095165.0,4786823808.0,2964032675.0,55879969.0,463091352.0,135121399.0,1.0,566519.0,1776279064.0,1666858728.0,586269345.0,109420337.0,6669781361.0,6504825177.0,110331001.0,1.0,5485023979.0,5485023979.0,4824500001.0,1.0,1.0,2961036446.0,1.0,104.0,100.0,0,2008,09
41,,gyeongbuk,160,20070817.0,131.0,hospital,17040391157.0,1491678257.0,14924985776.0,8867072154.0,27419554.0,559698960.0,546941873.0,18181011.0,73266710.0,2708426105.0,2600347295.0,13034721.0,68778811.0,12915514098.0,12109278230.0,143451201.0,1.0,14496328561.0,9199872031.0,7853480747.0,5296456531.0,3500000001.0,1127611642.0,1.0,16002235598.0,2237264055.0,13135198126.0,8553639870.0,45697402.0,553952658.0,510557301.0,40003261.0,81514903.0,1761033242.0,1682018970.0,9000001.0,79014273.0,13669868784.0,12825144240.0,127161201.0,1.0,14376557093.0,9547870364.0,7946937215.0,4828686730.0,3500000001.0,1054344933.0,1.0,244.0,258.0,0,2007,08
43,,gyeonggi,170,20000308.0,190.0,general_hospital,17372705324.0,1.0,16210934662.0,7198103375.0,45698761.0,537367940.0,434253850.0,59942019.0,610159466.0,3538511306.0,3213633283.0,66690763.0,324878024.0,30599083406.0,30514588406.0,84495001.0,1.0,23085740076.0,12053430076.0,7282434249.0,11032310001.0,10172310001.0,11051854636.0,5559083206.0,15786437575.0,1.0,14064253534.0,5857551183.0,14366023.0,301261462.0,270322352.0,135978311.0,1299310293.0,5069551008.0,4777747073.0,5000001.0,291803936.0,18503884436.0,18469037936.0,34846501.0,1.0,14248880273.0,7614880273.0,4571889227.0,6630000001.0,6100000001.0,9324555171.0,4441943206.0,187.0,165.0,1,2000,03
46,,incheon,142,20130208.0,0.0,clinic,114000000001.0,75405015605.0,33928218044.0,14218872280.0,2705724653.0,568031006.0,533463541.0,1000244221.0,5772890708.0,39035674004.0,38102063011.0,210364843.0,933610994.0,34408462068.0,26834571216.0,2983697378.0,1.0,43312642069.0,26889310069.0,6456323334.0,16423332001.0,16333332001.0,30131494003.0,29794611320.0,100000000001.0,66190334569.0,29991086757.0,12475628155.0,2298432271.0,437359328.0,311529213.0,785705261.0,5211998563.0,37993273060.0,36923291281.0,159990456.0,1069981780.0,18462056333.0,14490573405.0,2418737378.0,1.0,30517463198.0,26799663198.0,9000000001.0,3717800001.0,3627800001.0,25937866195.0,25617866195.0,431.0,412.0,0,2013,02
48,,daegu,40,19970228.0,154.0,hospital,13516957559.0,2469250577.0,10723923121.0,6759008059.0,27333860.0,190260104.0,185648369.0,1.0,160857619.0,2127027528.0,2010006634.0,1321744354.0,117020895.0,17296814257.0,17192707457.0,91058001.0,1.0,9176201950.0,9176201950.0,6149040063.0,1.0,1.0,10247639835.0,1.0,1.0,1.0,1.0,1.0,1.0,1.0,1.0,1.0,1.0,1.0,1.0,1.0,1.0,1.0,1.0,1.0,1.0,1.0,1.0,1.0,1.0,1.0,1.0,1.0,150.0,140.56666666666666,0,1997,02
54,,seoul,87,19990708.0,16.0,clinic,16642093749.0,2291117784.0,14492497376.0,9366198553.0,619725294.0,212716685.0,146502813.0,218515436.0,46971765.0,2697854590.0,2503369547.0,1506304291.0,194485044.0,11411890819.0,10160896541.0,546078001.0,1.0,14109745408.0,7301730548.0,5055821981.0,6808014861.0,1665604661.0,1.0,1.0,15553369081.0,2076430112.0,12621964552.0,8924030249.0,114026060.0,228613354.0,123389704.0,150124209.0,590262917.0,2108702277.0,1921509779.0,1513056636.0,175423431.0,9624756650.0,8691815556.0,547078001.0,1.0,11733458926.0,6586241454.0,4651016632.0,5147217473.0,787799101.0,1.0,1.0,361.0,235.0,0,1999,07
64,,jeonbuk,34,20060629.0,102.79411764705883,hospital,3207566931.0,26568784.0,3242980987.0,1628327843.0,370388.0,1.0,1.0,1.0,-61612451.0,5021154738.0,4648822831.0,1.0,372331908.0,35966517013.0,34950096429.0,877111001.0,1.0,24367583509.0,9299760235.0,4579304678.0,15067823275.0,9630291361.0,16620088242.0,1.0,3493286771.0,92333941.0,4614432659.0,1871573914.0,3332.0,842694897.0,835709711.0,1.0,-2056171392.0,5548918206.0,5252864327.0,2651482169.0,296053880.0,35512534045.0,34370840461.0,935991001.0,1.0,24814213960.0,8077364410.0,1.0,16736849551.0,10281084210.0,16247238291.0,1.0,148.09375,140.56666666666666,0,2006,06
66,,choongbuk,152,20160408.0,125.0,hospital,1966087247.0,1.0,3274224098.0,1874379607.0,32766947.0,226752101.0,177479945.0,1.0,-1502122004.0,4877642631.0,4591310362.0,180549804.0,286332270.0,14981392772.0,14948642772.0,32750001.0,1.0,16841701292.0,8095464267.0,4520939094.0,8746237026.0,8409713211.0,3017334111.0,-8599999999.0,600351258.0,53290713.0,1571064895.0,958722991.0,331645051.0,2627731.0,1766731.0,1.0,-694987028.0,244849393.0,205932423.0,1.0,38916971.0,14628191866.0,14584155116.0,21670001.0,1.0,10353585143.0,2203171224.0,985575771.0,8150413920.0,8009713211.0,4519456116.0,-8599999999.0,41.0,41.0,1,2016,04
68,,daegu,40,20000901.0,137.0,hospital,14160552031.0,1.0,13492398935.0,7324876475.0,168016260.0,433890027.0,415813474.0,1.0,402279330.0,4827228980.0,4642424433.0,3959316773.0,184804548.0,14401133296.0,13983788547.0,51674084.0,1.0,14593476394.0,7655710758.0,4417157897.0,6937765637.0,6271624203.0,4634885882.0,1.0,13120243795.0,1.0,12948536644.0,7094175851.0,254652614.0,412093969.0,408449731.0,1.0,14265797.0,4372326462.0,4215369133.0,3547014695.0,156957330.0,14052778517.0,13646548788.0,51674084.0,1.0,14192498426.0,7227835114.0,4518592258.0,6964663313.0,6275018101.0,4232606553.0,1.0,187.0,190.0,0,2000,09
76,,seoul,83,20051207.0,212.0,nursing_hospital,9041162636.0,401400516.0,7682105359.0,3990164601.0,53191710.0,592562319.0,120762319.0,75726875.0,342559280.0,2124049833.0,2089656945.0,1008417419.0,34392889.0,14211990072.0,10493596732.0,3623664051.0,1.0,8811895445.0,4540070407.0,4000000001.0,4271825039.0,1.0,7524144460.0,1.0,9223018841.0,471737332.0,7354982758.0,3816224487.0,91877353.0,821323040.0,116076987.0,127883168.0,538969899.0,1593779103.0,1565002836.0,793444050.0,28776268.0,14043973538.0,10325580198.0,3623664051.0,1.0,8456167460.0,4594204706.0,4000000001.0,3861962755.0,1.0,7181585181.0,1.0,110.0,112.0,0,2005,12
78,,choongbuk,162,19940411.0,349.0,general_hospital,57155206255.0,4645187.0,61175134873.0,27200710551.0,466136733.0,1054819374.0,1032999374.0,1.0,-4613256444.0,3626445968.0,3162131591.0,1134537083.0,464314378.0,51406607528.0,50534527268.0,822080261.0,1.0,52161133807.0,20479298015.0,3965356676.0,31681835793.0,25900000001.0,2871919689.0,4679894338.0,51834936361.0,1344867.0,51100469266.0,23155231436.0,671705475.0,1052563030.0,1037013030.0,1.0,352264675.0,5243617208.0,4938127717.0,1630241828.0,305489492.0,54315017387.0,53227848597.0,1037168791.0,1.0,46156509711.0,21432068810.0,4504155359.0,24724440902.0,23924440902.0,13402124884.0,4679894338.0,457.0,457.0,0,1994,04
79,,ulsan,127,20140912.0,337.0,nursing_hospital,23123270198.0,1.0,21169901409.0,10774992361.0,7302719336.0,6270564492.0,1110955408.0,27376931.0,2958146704.0,8480220253.0,8387323286.0,7323609392.0,92896968.0,55253910670.0,53685908490.0,1451500001.0,1.0,27819349937.0,5165532804.0,3957283507.0,22653817134.0,16272556334.0,35914780986.0,1.0,30276580212.0,1.0,28095391639.0,14669120184.0,275357470.0,1692285397.0,1614460587.0,16752891.0,747507757.0,2203998506.0,2053815021.0,1.0,150183486.0,68809824844.0,67882547821.0,627500001.0,1.0,37990945837.0,3939689053.0,2284480383.0,34051256785.0,32046995985.0,33022877513.0,1.0,210.0,149.0,0,2014,09
80,,busan,64,20061017.0,264.0,hospital,22687036400.0,1050964275.0,19418606987.0,12345720611.0,297368395.0,663350301.0,650857495.0,249487441.0,1601995794.0,3863651712.0,3827923326.0,1503155864.0,25741641.0,35757370804.0,34811770804.0,115000001.0,1.0,21640800086.0,6065857856.0,3850000001.0,15574942231.0,13252669143.0,17980222430.0,1.0,18991534979.0,957522930.0,16173316272.0,10745966561.0,144787845.0,1344677138.0,693756135.0,122546123.0,538260364.0,2907571418.0,2882613005.0,1440519032.0,24958414.0,35122935740.0,34182113282.0,179100001.0,1.0,21033704816.0,7477280097.0,4150000001.0,13556424720.0,13536424720.0,16996802342.0,1.0,344.0,280.0,0,2006,10
85,,daegu,46,19760409.0,230.0,general_hospital,26125512155.0,19904878063.0,5246306585.0,1.0,300973615.0,292631635.0,138887345.0,306610808.0,676058682.0,4797187648.0,4496783972.0,1.0,300403677.0,15361654967.0,15142473304.0,17927001.0,1.0,12932505434.0,9480942291.0,3600000001.0,3451563144.0,249140001.0,7226337181.0,5062881575.0,25106886221.0,19091326035.0,5370725089.0,1.0,241806142.0,203589665.0,162999639.0,61232161.0,621819416.0,4433666678.0,4163709582.0,1.0,269957097.0,15239162476.0,14987320773.0,33907001.0,1.0,10011702654.0,9687463171.0,3700000001.0,324239484.0,223320001.0,9661126500.0,7497670894.0,250.0,260.0,0,1976,04
86,,jeonbuk,118,19971230.0,88.0,hospital,3426305581.0,453817361.0,2781678265.0,1666742311.0,477127578.0,519638438.0,160539630.0,25698841.0,122600257.0,5034437526.0,5031790153.0,184591491.0,2647374.0,3220670633.0,3175405718.0,2500001.0,1.0,5278504784.0,4691630384.0,3540358612.0,586874401.0,1.0,2976603375.0,1.0,4009625731.0,596277387.0,3159665370.0,1620635511.0,415241709.0,554689037.0,181628517.0,91251091.0,22984558.0,4955381081.0,4952522258.0,286224541.0,2858824.0,3371806929.0,3316973243.0,2500001.0,1.0,5401068871.0,4835727056.0,3577292939.0,565341816.0,1.0,2926119139.0,1.0,48.0,52.0,0,1997,12
88,,gyeongnam,157,20080407.0,187.0,hospital,8761414652.0,1373086303.0,7506155274.0,4752253547.0,537533748.0,262143040.0,199831608.0,9872461.0,147691325.0,1145525083.0,1082579388.0,976782954.0,56327092.0,6939148258.0,6589188047.0,70000001.0,1.0,6973177185.0,5820444567.0,3487652671.0,1152732619.0,742732619.0,1111496156.0,1.0,8302045566.0,1325568438.0,6927927345.0,4508777901.0,403713078.0,265408974.0,210608974.0,1.0,186853889.0,1186910517.0,1119593442.0,930791979.0,57221919.0,7274576713.0,7021511403.0,30000001.0,1.0,7497682398.0,5703445684.0,3029546286.0,1794236715.0,1384236715.0,963804832.0,1.0,109.0,109.0,0,2008,04
90,,incheon,139,20001227.0,45.0,hospital,38159327291.0,4426206628.0,30564506768.0,16920919059.0,605924078.0,1323688461.0,194923904.0,741765381.0,1709084134.0,15128957209.0,14628997809.0,3146224715.0,499959401.0,20853134103.0,18570421103.0,1868530001.0,1.0,15073466537.0,7494602229.0,3405586549.0,7578864309.0,2133260001.0,20908624775.0,11729172335.0,36631428186.0,4371449254.0,30355929478.0,16486027084.0,907963346.0,818018409.0,157275506.0,421028001.0,1572966393.0,15248030465.0,14807681082.0,3903879493.0,440349384.0,21301511152.0,19900854152.0,1075830001.0,1.0,17350000975.0,10414628226.0,6009944905.0,6935372750.0,2400000001.0,19199540642.0,10020088202.0,292.0,292.0,0,2000,12
102,,choongbuk,130,19880803.0,72.0,nursing_hospital,14147342341.0,841074595.0,12395462308.0,5034945794.0,93066816.0,710418483.0,574838814.0,39882967.0,253570807.0,7650272131.0,7543431520.0,1.0,106840612.0,13806590455.0,13578014623.0,49770001.0,1.0,16510908460.0,5939480594.0,2779650341.0,10571427867.0,9547664598.0,4945954126.0,4747472891.0,13589695516.0,795007635.0,12082957369.0,4873212570.0,111933381.0,633325096.0,512992134.0,28006524.0,162332276.0,7220546762.0,7116533242.0,1.0,104013521.0,14100013490.0,13870414378.0,49770001.0,1.0,16628142792.0,5587529974.0,2790965653.0,11040612819.0,9196718812.0,4692417460.0,4747472891.0,121.0,121.0,0,1988,08
103,,gyeonggi,92,20070115.0,213.0,nursing_hospital,5508370176.0,1.0,5126031649.0,1839841831.0,16410941.0,201196156.0,165572676.0,22839131.0,174714183.0,2021227033.0,2021227033.0,1501758713.0,1.0,5170774752.0,5096263751.0,74510002.0,1.0,3592347010.0,2990220650.0,2650000001.0,602126361.0,602126361.0,3599654775.0,1.0,5567875941.0,1.0,5210019421.0,1827642291.0,47387081.0,305906022.0,189720404.0,15087111.0,84250470.0,2279898039.0,2231281033.0,1537831864.0,48617007.0,5268175650.0,5193664649.0,74510002.0,1.0,4123133096.0,3164268637.0,2650000001.0,958864460.0,958864460.0,3424940593.0,1.0,83.0,85.0,0,2007,01
111,,busan,67,20121030.0,191.0,nursing_hospital,5295972721.0,1.0,5065356357.0,3044554658.0,15379885.0,185653422.0,125737964.0,18990301.0,41352528.0,487931839.0,487931839.0,49914040.0,1.0,5854233946.0,5744108681.0,37837266.0,1.0,4739738328.0,3036475295.0,2434448492.0,1703263034.0,1440440001.0,1602427457.0,252392657.0,5236492631.0,1.0,4549670011.0,2686918191.0,15129038.0,480819258.0,250857333.0,5743391.0,215389011.0,900775099.0,900775099.0,164641380.0,1.0,5822083834.0,5743402244.0,30489591.0,1.0,5161784003.0,3189589507.0,2777256282.0,1972194497.0,1763340001.0,1561074930.0,211040130.0,100.0,100.0,0,2012,10
114,,ulsan,127,20110901.0,172.0,nursing_hospital,9192504520.0,1.0,8555544521.0,4913559798.0,61215000.0,456201393.0,432210302.0,364061.0,241609547.0,1227436624.0,1186485951.0,1.0,40950674.0,18829561178.0,18032017488.0,83384801.0,1.0,13067442627.0,5622116225.0,2422929231.0,7445326403.0,7175326403.0,6989555175.0,4320806672.0,5842067151.0,1.0,5444479562.0,3259958912.0,10381453.0,176577655.0,144917305.0,17606681.0,213784708.0,535840854.0,521415482.0,1.0,14425373.0,12616852823.0,11871143998.0,6000001.0,1.0,10725554719.0,2956858658.0,304480001.0,7768696062.0,7568696062.0,2427138958.0,1.0,154.0,82.0,0,2011,09
117,,seoul,23,20070808.0,300.0,nursing_hospital,9577573803.0,568952437.0,8613352564.0,4231492904.0,20781847.0,221476669.0,215328673.0,32812510.0,161761473.0,1355692293.0,1355692293.0,1.0,1.0,6297330991.0,5716920257.0,500410735.0,1.0,5799514406.0,2914450801.0,2329468237.0,2885063606.0,2685063606.0,1853508878.0,1.0,5518800672.0,221780956.0,5021109763.0,2343115337.0,45762217.0,155873487.0,152257066.0,21936744.0,143861942.0,1109618513.0,1109618513.0,16418710.0,1.0,5764482917.0,5161642183.0,482840735.0,1.0,5182354024.0,3540354024.0,2791779809.0,1640000001.0,1440000001.0,1691747406.0,1.0,134.0,42.0,0,2007,08
121,,gyeongnam,155,20091014.0,59.0,hospital,5686432797.0,1482965206.0,4394591086.0,2807741272.0,253267646.0,329876370.0,267962625.0,1.0,-267732217.0,3783597628.0,3429213044.0,1.0,18604772.0,4680791246.0,4663990246.0,6186001.0,1.0,8041976400.0,7228886400.0,2237607439.0,813090001.0,813090001.0,422412474.0,606276676.0,6109728571.0,1519820727.0,4510133892.0,2847467503.0,64365068.0,211098890.0,165680090.0,1.0,-66959868.0,3612326956.0,3252490510.0,1.0,24616234.0,4096636096.0,4079835096.0,6186001.0,1.0,6942768035.0,6074058934.0,1865973042.0,868709102.0,825090001.0,766195017.0,606276676.0,107.0,55.0,0,2009,10
122,,gyeongbuk,166,19880524.0,187.0,hospital,6034710276.0,510342914.0,5754978656.0,3508651497.0,489136761.0,91533171.0,79863796.0,26824721.0,140167578.0,1518516371.0,1508153861.0,1064929973.0,10362511.0,6422545393.0,6374719492.0,27680779.0,1.0,5859362265.0,3670893373.0,2203835332.0,2188468893.0,424169871.0,2081699499.0,1866629195.0,5821726522.0,503584974.0,5315478123.0,3342374914.0,295576845.0,125112786.0,70187593.0,1.0,173127486.0,1495228571.0,1483654388.0,975536504.0,11574184.0,4973323521.0,4946706427.0,5801801.0,1.0,5477950170.0,3604163597.0,1913456851.0,1873786574.0,424169871.0,990601922.0,915699195.0,89.0,95.0,0,1988,05
123,,jeonnam,144,20081210.0,187.98360655737704,nursing_hospital,4647433011.0,232848338.0,4043633901.0,2588544085.0,12725733.0,331257400.0,111070416.0,33004721.0,19414387.0,1441307804.0,1372768533.0,61982651.0,68539272.0,2717679853.0,2576997469.0,131000001.0,1.0,3224861380.0,3034861380.0,2199439975.0,190000001.0,1.0,934126277.0,1.0,4665039049.0,179134264.0,3989086341.0,2465132087.0,4509153.0,144545319.0,137175147.0,1.0,356782280.0,1.0,1.0,1.0,1.0,1.0,1.0,1.0,1.0,1.0,1.0,1.0,1.0,1.0,1.0,1.0,86.0,96.0,0,2008,12
124,,gyeonggi,135,20060724.0,30.0,nursing_hospital,5538313520.0,328968725.0,4874034542.0,3105105590.0,20307533.0,195315228.0,172200592.0,20507851.0,139794710.0,1177160081.0,1110883096.0,111851.0,66276986.0,7439114483.0,6396188024.0,194899801.0,1.0,5580803911.0,2880803911.0,2182827362.0,2700000001.0,2700000001.0,3035470653.0,2589398921.0,5474746097.0,342608940.0,4951126647.0,3176321819.0,27909166.0,180970369.0,166889816.0,5863538.0,22085772.0,1144109837.0,1080647019.0,4638422.0,63462819.0,7229949481.0,6248899577.0,204899801.0,1.0,5591157774.0,2891157774.0,2210227160.0,2700000001.0,2700000001.0,2782901544.0,2476624521.0,69.0,72.0,0,2006,07
126,,seoul,23,20130422.0,27.0,hospital,10345082141.0,1181645283.0,8476045092.0,4568218702.0,201630774.0,423474747.0,350820570.0,17680470.0,447867326.0,1431999315.0,1369249078.0,40458965.0,62750238.0,23725184090.0,17927624090.0,472560001.0,1.0,22540610570.0,9506511353.0,2170000001.0,13034099218.0,13000000001.0,2616572835.0,1208224078.0,9514124269.0,1137832852.0,8486506906.0,4042121928.0,20428874.0,242259271.0,238055041.0,1.0,-332045884.0,769216383.0,722885030.0,1.0,46331354.0,16690693862.0,11276539062.0,914154801.0,1.0,16531389906.0,5972059566.0,300000001.0,10559330341.0,9559330341.0,928520339.0,-479828418.0,93.0,85.0,0,2013,04
130,,jeonnam,15,19930101.0,258.0,general_hospital,25639691170.0,5901553820.0,19115372924.0,13272209863.0,1808588716.0,1729981127.0,135163209.0,248780325.0,452591693.0,7309653472.0,6894265567.0,20263581.0,415387906.0,9328353803.0,8957692103.0,1.0,1.0,12110719562.0,6298898758.0,2136120001.0,5811820805.0,2046971381.0,4527287713.0,42733953.0,23984631969.0,5614064723.0,17487118628.0,12084525448.0,1628933937.0,1718960656.0,163131101.0,141789036.0,651632866.0,4925047809.0,4485581807.0,20605901.0,439466003.0,10049858618.0,9562701751.0,1.0,1.0,10900210406.0,3709521695.0,1.0,7190688712.0,4857047851.0,4074696021.0,42733953.0,324.0,324.0,0,1993,01
131,,gyeongbuk,95,19820520.0,771.0,general_hospital,151000000001.0,116000000001.0,28031266702.0,1.0,5968872682.0,7739690148.0,338896260.0,1250765482.0,3267366817.0,43870284312.0,41979652807.0,149126451.0,1818617920.0,130000000001.0,117000000001.0,1.0,1.0,129000000001.0,43824720455.0,1.0,85286333621.0,6569774687.0,45131800849.0,1.0,149000000001.0,107000000001.0,29532488678.0,1.0,6445389818.0,12518423586.0,411169338.0,1304472426.0,5125978160.0,55591590518.0,53481868206.0,149800051.0,1627064009.0,125000000001.0,113000000001.0,1.0,1.0,131000000001.0,52414267534.0,3100000001.0,78556538605.0,6904708290.0,49244922329.0,50397401.0,1065.0,1065.0,0,1982,05
133,,gyeongbuk,95,20110901.0,436.0,nursing_hospital,28451303326.0,3389250536.0,21370553129.0,12391550324.0,369872657.0,3417126942.0,325291122.0,142942081.0,501303298.0,8151941566.0,7636456007.0,3739408171.0,118373351.0,12054598927.0,11380718807.0,465263001.0,1.0,15118934707.0,4804783490.0,2011662589.0,10314151218.0,6650000001.0,5087605786.0,3000001.0,27643745210.0,3577946474.0,19404743278.0,11263916854.0,439887243.0,4440497614.0,257747108.0,1.0,660445089.0,17084304272.0,16623056996.0,9100731.0,155231440.0,12142277805.0,11494497685.0,462263001.0,1.0,24405955104.0,13069648509.0,1552671541.0,11336306596.0,7580000001.0,4820626973.0,3000001.0,340.0,340.0,0,2011,09
142,,gyeonggi,177,20090218.0,124.0,nursing_hospital,2450769532.0,1.0,2876548786.0,1498503971.0,43607244.0,155829972.0,126410064.0,8690711.0,-546692691.0,332178275.0,332178275.0,226087042.0,1.0,3181673574.0,3133003140.0,48670435.0,1.0,2984724328.0,2218589964.0,1732666673.0,766134365.0,571698405.0,529127521.0,1.0,3022284379.0,1.0,2862966306.0,1594210754.0,24843435.0,136668240.0,114865581.0,1.0,47493269.0,554787738.0,537718103.0,235096199.0,1.0,2857352810.0,2807762810.0,49590001.0,1.0,2336320335.0,2336320335.0,1971063271.0,1.0,1.0,1075820213.0,1.0,55.0,42.0,0,2009,02
146,,busan,63,20141106.0,19.0,hospital,1513373100.0,60714400.0,1304054758.0,663927318.0,325439.0,61895413.0,61895413.0,11839744.0,75194227.0,1379951519.0,1378706519.0,166483931.0,1245001.0,3903085887.0,3855759932.0,37325956.0,1.0,2174968346.0,1754968346.0,1680000001.0,420000001.0,400000001.0,3108069060.0,1.0,1569706146.0,60008282.0,1440521509.0,765710517.0,231935.0,52938717.0,52938717.0,3854101.0,12615475.0,93086689.0,91628689.0,70753711.0,1458001.0,2021050320.0,1636522805.0,34527516.0,1.0,1391662175.0,1371662175.0,1246228261.0,20000001.0,1.0,722474834.0,1.0,22.0,24.0,0,2014,11
151,,gyeongbuk,8,20111006.0,504.0,nursing_hospital,13357679441.0,1.0,16799784296.0,8026043618.0,468050377.0,2631058619.0,857732837.0,129338021.0,-5734451116.0,1108616610.0,1059984551.0,962620720.0,48632060.0,26969777624.0,21384029408.0,1.0,1.0,26772268517.0,3528203295.0,1610640297.0,23244065223.0,19802937080.0,1306125717.0,1.0,1.0,1.0,1.0,1.0,1.0,1.0,1.0,1.0,1.0,1.0,1.0,1.0,1.0,1.0,1.0,1.0,1.0,1.0,1.0,1.0,1.0,1.0,1.0,1.0,300.0,300.0,1,2011,10
157,,busan,62,20081226.0,233.0,nursing_hospital,9487946123.0,555132770.0,8557015615.0,5007316271.0,98625859.0,316874431.0,274024175.0,11168411.0,146380758.0,3918498490.0,3677366420.0,1.0,241132071.0,5370153411.0,5209464060.0,40544001.0,1.0,7323355631.0,2725605631.0,1436209157.0,4597750001.0,4597750001.0,1965296270.0,1.0,8201739564.0,446431308.0,7499594704.0,4726476791.0,123227494.0,264563950.0,228130873.0,1.0,114377098.0,3213428195.0,2998618565.0,1.0,214809631.0,5232922176.0,5054891968.0,37544001.0,1.0,6567787251.0,1441659455.0,365485829.0,5126127797.0,5126127797.0,1878563120.0,1878563120.0,120.0,120.0,0,2008,12
158,,seoul,151,19830822.0,97.0,general_hospital,28413393488.0,6604164506.0,23169610595.0,12943190561.0,1502655702.0,574124852.0,330617663.0,1.0,-431850761.0,2815647146.0,2639756036.0,1235601.0,175891111.0,35251516851.0,32040544630.0,505577911.0,1.0,16947542454.0,3851662591.0,1409830376.0,13095879864.0,8656966992.0,21119621543.0,2326609980.0,26299687236.0,6372028926.0,19870692882.0,11100926466.0,313335586.0,449727509.0,306630165.0,1.0,-79426493.0,3680600324.0,3523650430.0,1171201.0,156949895.0,37449198077.0,34154768963.0,505577911.0,1.0,16230295877.0,9612253262.0,6816063353.0,6618042616.0,3816112856.0,24899502524.0,5536798251.0,260.0,240.0,0,1983,08
161,,busan,65,20060929.0,153.0,hospital,12536077372.0,1920367763.0,9822143906.0,5708620441.0,42878385.0,504859577.0,338262937.0,44361531.0,287222983.0,4265551739.0,3753160590.0,2904435048.0,512391150.0,10394553905.0,9262954748.0,975000001.0,1.0,9881204948.0,2682794417.0,1398422424.0,7198410532.0,6297392241.0,4778900696.0,292262441.0,13523488924.0,2282919724.0,10143432879.0,5026205724.0,29047031.0,794036143.0,389748763.0,26025481.0,306121731.0,3839953307.0,3314012645.0,2349821831.0,525940663.0,11812381310.0,9872393666.0,1816383242.0,1.0,11160656903.0,3543449241.0,1209129814.0,7617207663.0,6687207663.0,4491677714.0,292262441.0,143.0,143.0,0,2006,09
165,,jeonbuk,136,20050321.0,440.0,nursing_hospital,2179020671.0,312206616.0,1507567009.0,907395731.0,33436413.0,208281215.0,18920953.0,1.0,184402246.0,3535249680.0,3432644104.0,3132667034.0,102605577.0,16681779739.0,16651052087.0,1.0,1.0,12496838311.0,5800803718.0,1309874206.0,6696034594.0,4089146675.0,7720191108.0,7720191108.0,1.0,1.0,1.0,1.0,1.0,1.0,1.0,1.0,1.0,1.0,1.0,1.0,1.0,1.0,1.0,1.0,1.0,1.0,1.0,1.0,1.0,1.0,1.0,1.0,98.42622950819673,93.79310344827586,0,2005,03
167,,choongnam,37,20081223.0,190.0,nursing_hospital,5269186264.0,1.0,4889597274.0,3058749441.0,125279352.0,307512768.0,47662170.0,19632541.0,177723035.0,1518706556.0,1488700020.0,575044381.0,30006537.0,4327816380.0,4261821380.0,65993001.0,1.0,3513027903.0,1836245657.0,1260000001.0,1676782247.0,210000001.0,2333495033.0,1.0,5246256883.0,1.0,4906045524.0,3079006461.0,69867319.0,223908694.0,48000872.0,21287825.0,164882161.0,1088715168.0,1055988053.0,573882931.0,32727116.0,4254326335.0,4181746335.0,72578001.0,1.0,3187269504.0,1768190445.0,1260000001.0,1419079060.0,210000001.0,2155771999.0,1.0,78.0,79.0,0,2008,12
172,,busan,72,19990504.0,30.0,nursing_hospital,6105254891.0,431327531.0,5532193577.0,2887498291.0,125459288.0,63947120.0,39591561.0,10054701.0,193191253.0,2203799588.0,2165988199.0,967124533.0,37811390.0,6072504273.0,4602812366.0,1940001.0,1.0,4333805733.0,2291389189.0,1143953798.0,2042416545.0,1557012400.0,3942498128.0,1.0,5982035161.0,418506588.0,5353317251.0,2740040771.0,54847082.0,81574583.0,52288329.0,10860901.0,172622923.0,2618088745.0,2586387847.0,1138331163.0,31700899.0,6234912477.0,4711454929.0,1940001.0,1.0,5103694346.0,2752799343.0,1678996518.0,2350895004.0,1859490859.0,3749306876.0,1.0,81.0,78.0,0,1999,05
174,,gyeongbuk,8,20061108.0,69.0,nursing_hospital,1891353951.0,132098967.0,1512855814.0,1033624732.0,1557637.0,1.0,52591630.0,1.0,247956808.0,1860214290.0,1820214290.0,698952549.0,40000001.0,1621186269.0,1447007898.0,6000001.0,1.0,1711471493.0,1289671493.0,1106184219.0,421800001.0,251800001.0,1769929066.0,1100340996.0,1871788471.0,148056560.0,1470789423.0,1008101383.0,1.0,1.0,57761385.0,1.0,252942490.0,1603945445.0,1582245445.0,552219839.0,21700001.0,1483617237.0,1479617237.0,4000001.0,1.0,1571676306.0,299100854.0,40152067.0,1272575453.0,1017575453.0,1515886376.0,846298306.0,46.0,42.0,0,2006,11
181,,jeonbuk,26,20121218.0,539.0,nursing_hospital,6362492937.68254,267562697.0952381,5817499158.920635,3143823105.142857,268761010.5555556,497296233.4285714,166924335.17460316,36500844.015873015,12395017.777777778,1751761859.9682539,1706027755.5714285,682042951.6984127,39217526.93650793,7473911279.730159,6927621693.571428,182030997.42857143,1.0,5552726762.714286,1892968020.2857144,1007812196.0476191,3675253868.1904764,2895882696.873016,3613254858.428571,616478989.6666666,5855461162.5079365,262589662.7142857,5138769494.539682,2834398798.1904764,62517134.65079365,339954165.0,154303722.7142857,27487140.301587302,149177837.6031746,1468914397.4920635,1429485462.1904762,423746261.06349206,34156371.3015873,5892293564.587301,5567147366.015873,158101331.0952381,1.0,4473127043.603174,1467382112.6984127,654690545.3650794,3021657985.2539682,2516708986.6507936,2831703386.6031747,441812384.95238096,250.0,200.0,0,2012,12
184,,gyeongbuk,166,20051201.0,14.0,hospital,4497414066.0,401527503.0,4339151909.0,2591686926.0,48701846.0,83655519.0,82117243.0,1.0,-278219017.0,994291199.0,932131492.0,89698741.0,62159708.0,4917120194.0,4236533526.0,484782771.0,325392771.0,3088460515.0,1474825814.0,983040282.0,1613634702.0,1570000001.0,2822950878.0,1.0,4306124601.0,396492715.0,3850972056.0,2418745637.0,49915331.0,76561768.0,69922159.0,1.0,32013395.0,1060060111.0,995291560.0,38819797.0,64768552.0,4450660747.0,4077097716.0,159390001.0,1.0,2373337099.0,561250952.0,155462066.0,1812086148.0,1760000001.0,3137383759.0,1.0,74.0,74.0,0,2005,12
185,,gyeongnam,32,20120120.0,78.0,hospital,7319085416.0,686857008.0,6112708037.0,3554808729.0,23579578.0,231519006.0,200698850.0,19271021.0,292309925.0,2932262245.0,2710830384.0,1783637110.0,168850400.0,9161452279.0,8510009279.0,651443001.0,1.0,8190233967.0,4128549071.0,982603293.0,4061684897.0,4000000001.0,3903480557.0,1677675281.0,1.0,1.0,1.0,1.0,1.0,1.0,1.0,1.0,1.0,1.0,1.0,1.0,1.0,1.0,1.0,1.0,1.0,1.0,1.0,1.0,1.0,1.0,1.0,1.0,83.0,49.0,0,2012,01
186,,gyeongnam,155,20131202.0,195.0,nursing_hospital,10524193815.0,589088639.0,8964162473.0,5322929365.0,16706603.0,169124235.0,35928711.0,159784501.0,658740573.0,1467529201.0,1425664649.0,1180876151.0,41864553.0,8094746853.0,7484914042.0,125060001.0,1.0,1779919484.0,1779919484.0,976887440.0,1.0,1.0,7782356570.0,1.0,10232366396.0,648485995.0,8774831979.0,5157220969.0,25185862.0,158536574.0,65777074.0,130908474.0,544789239.0,1558450294.0,1505507138.0,1193859646.0,52943157.0,7902691465.0,7575085743.0,120060001.0,1.0,2337525761.0,2337525761.0,1493389329.0,1.0,1.0,7123615998.0,1.0,155.0,150.0,0,2013,12
188,,gyeongbuk,172,20150611.0,366.0,nursing_hospital,6171100299.0,1.0,5716501624.0,3745476668.0,70949308.0,308332231.0,251599825.0,16673721.0,200542033.0,1293028428.0,1171053049.0,5991601.0,121975380.0,8492301778.0,8485601778.0,6700001.0,1.0,5501010635.0,1851010635.0,846841871.0,3650000001.0,3600000001.0,4284319571.0,1.0,6064186939.0,1.0,5530854205.0,3409747087.0,84641921.0,336884313.0,262213279.0,1.0,281090343.0,1.0,1.0,1.0,1.0,1.0,1.0,1.0,1.0,1.0,1.0,1.0,1.0,1.0,1.0,1.0,130.0,125.0,0,2015,06
193,,jeonbuk,26,20030102.0,102.0,hospital,8533038703.0,1.0,8146717237.0,4205604567.0,202143904.0,95288307.0,73710156.0,17661631.0,475515434.0,2985780754.0,2985780754.0,26227111.0,1.0,5144416665.0,5108334665.0,33000001.0,1.0,4866876906.0,3159366906.0,769655899.0,1707510001.0,1692510001.0,3263320513.0,1953871320.0,9152147834.0,1.0,9090866907.0,4439691809.0,126944095.0,101948850.0,78415420.0,14640111.0,71636063.0,2832860285.0,2832860285.0,17611361.0,1.0,5726295213.0,5699847213.0,18000001.0,1.0,5373627497.0,3293867497.0,787566050.0,2079760001.0,2064760001.0,3185528001.0,1876078808.0,100.0,108.0,0,2003,01
198,,jeonnam,53,20100914.0,200.0,nursing_hospital,5466315741.0,358671642.0,4951304193.0,3163232744.0,34097582.0,151839083.0,150785907.0,5122531.0,33475877.0,2073194235.0,2055508235.0,1644869097.0,17686001.0,7404500528.0,7350561128.0,53939401.0,1.0,4795641083.0,972307740.0,694868914.0,3823333344.0,3818333344.0,4682053680.0,1.0,5393165781.0,370173358.0,4834826675.0,3142147299.0,5323818.0,154145274.0,154143328.0,4782499.0,34561796.0,1791906803.0,1776217285.0,1390798887.0,15689519.0,7621517233.0,7582712833.0,38804401.0,1.0,4764846232.0,246512893.0,1.0,4518333340.0,4518333340.0,4648577804.0,1.0,122.0,117.0,0,2010,09
199,,jeonbuk,118,20150828.0,70.0,hospital,3245709951.0,160142251.0,2867317208.0,1776471341.0,10987425.0,150001591.0,55535305.0,10265991.0,68970338.0,1410760453.0,1403634853.0,675800351.0,7125601.0,5375975916.0,4718575916.0,8700001.0,1.0,1898029079.0,866850773.0,678453742.0,1031178307.0,925000001.0,4888707290.0,184720690.0,3068540361.0,159370655.0,2664095880.0,1681906751.0,4666843.0,157086453.0,27932237.0,10191631.0,82462588.0,1636197309.0,1631184989.0,580508698.0,5012321.0,4863436136.0,4854736136.0,8700001.0,1.0,1679896492.0,706323862.0,472323671.0,973572631.0,946630651.0,4819736953.0,115750353.0,59.0,59.0,1,2015,08
201,,busan,59,20051014.0,380.0,nursing_hospital,12173545280.0,1970002263.0,10221389176.0,6587918971.0,371459226.0,1.0,79841838.0,1.0,353613068.0,2098126493.0,2034934282.0,1.0,63192212.0,11891171972.0,11802518604.0,1.0,1.0,7114841810.0,3542841810.0,644178741.0,3570000001.0,3520000001.0,6874456655.0,4481734545.0,12518425574.0,1877285023.0,10171954928.0,7137567967.0,71332675.0,1.0,85209016.0,1.0,540518299.0,2342978311.0,2284349804.0,1816869231.0,58628508.0,8172677672.0,8057525464.0,33030001.0,1.0,3876248728.0,2076248728.0,715569435.0,1800000001.0,1750000001.0,6639407255.0,4246685145.0,180.0,191.0,0,2005,10
206,,choongnam,159,19960501.0,339.0,general_hospital,104000000001.0,1.0,94226597064.0,43238410583.0,1479857325.0,446351446.0,1756566633.0,526551.0,11208159318.0,13440200762.0,12593375097.0,1.0,846825666.0,96213232247.0,93033622107.0,1587725201.0,1.0,60219395239.0,31164070907.0,594639594.0,29055324333.0,26425324333.0,49434037770.0,34114713246.0,93764300799.0,1.0,83806490588.0,36705843610.0,1585419416.0,234265927.0,2146278117.0,5427312.0,11303536390.0,14463950847.0,13697922152.0,22559028.0,766028696.0,86037826923.0,84002655367.0,919961601.0,1.0,60040369824.0,21507491848.0,1.0,38532877977.0,36202877977.0,40461407946.0,25142083422.0,855.0,855.0,0,1996,05
207,,sejong,85,20121005.0,12.0,nursing_hospital,2224269821.0,91157131.0,1698291852.0,1054540819.0,38681380.0,310806952.0,129137470.0,1.0,162695268.0,1186505124.0,1185230064.0,221908001.0,1275061.0,4809728709.0,4779939908.0,1038801.0,1.0,2750474720.0,799082575.0,589911857.0,1951392146.0,1788696879.0,3245759113.0,473261086.0,2220419231.0,94995119.0,1644441334.0,1001776161.0,45688990.0,139679263.0,135971408.0,1.0,386992507.0,982059630.0,982059630.0,367077704.0,1.0,4849971524.0,4799182723.0,1038801.0,1.0,2748967308.0,971800630.0,574699733.0,1777166679.0,1777166679.0,3083063846.0,310565819.0,30.0,30.0,0,2012,10
210,,busan,65,20140313.0,194.0,nursing_hospital,4524274169.0,211230887.0,3845286817.0,2559498646.0,325453064.0,535736389.0,280394899.0,1.0,257473142.0,1319372291.0,1283368929.0,1.0,36003363.0,9208506878.0,8890706878.0,216000001.0,1.0,5326224312.0,899756671.0,521573207.0,4426467642.0,4416467642.0,5201654857.0,201334690.0,3908684706.0,185178141.0,3252379688.0,2070509168.0,4533294.0,301840761.0,301840761.0,1.0,173819412.0,908523127.0,859298567.0,1.0,49224561.0,8824019899.0,8724019899.0,1.0,1.0,4450282270.0,551367683.0,1.0,3898914588.0,3588914588.0,5282260756.0,120728791.0,96.0,96.0,1,2014,03
212,,gyeongbuk,25,20150112.0,157.0,nursing_hospital,750304871.0,1.0,1062477772.0,675886874.0,35947691.0,1.0,38580283.0,1.0,-276225210.0,15323810.0,15323810.0,1.0,1.0,5265359080.0,5244747746.0,1.0,1.0,2886402202.0,506402202.0,484971987.0,2380000001.0,2380000001.0,2394280688.0,1.0,1.0,1.0,1.0,1.0,1.0,1.0,1.0,1.0,1.0,1.0,1.0,1.0,1.0,1.0,1.0,1.0,1.0,1.0,1.0,1.0,1.0,1.0,1.0,1.0,75.0,37.0,0,2015,01
213,,choongnam,161,20060927.0,86.0,nursing_hospital,2660439975.0,108424821.0,2341221124.0,1297379151.0,4218651.0,145312223.0,101292813.0,7722623.0,61977838.0,424463730.0,415144675.0,390348531.0,9319056.0,5196642934.0,5187865934.0,1.0,1.0,3716129383.0,756129383.0,480000001.0,2960000001.0,2660000001.0,1904977281.0,1.0,2483036204.0,138349180.0,2179920230.0,1289385221.0,25333402.0,115711087.0,94229413.0,7602187.0,66786925.0,393832960.0,385686390.0,352543691.0,8146571.0,5246422478.0,5244622478.0,1.0,1.0,3797255994.0,837255994.0,611500001.0,2960000001.0,2660000001.0,1842999444.0,1.0,44.0,42.0,0,2006,09
219,,gyeonggi,134,19960716.0,187.0,general_hospital,19834386154.0,4893623804.0,14452425787.0,8256016435.0,104930680.0,451472083.0,338427729.0,1.0,141795162.0,5187225594.0,4995361340.0,45003965.0,191864255.0,12720736152.0,11698736152.0,1020000001.0,1.0,14753789683.0,5621153462.0,430000001.0,9132636222.0,6340000001.0,3154172063.0,1.0,20155442618.0,4888930044.0,15115183122.0,7787680141.0,176513087.0,613210248.0,342537849.0,1.0,-285367707.0,3960377525.0,3671779628.0,54355827.0,288597898.0,13176873920.0,12154873920.0,1020000001.0,1.0,14124874543.0,11655984241.0,440000001.0,2468890303.0,1.0,3012376902.0,1.0,203.0,188.0,0,1996,07
220,,gyeongbuk,171,20170531.0,118.0,nursing_hospital,694519921.0,1.0,1063064005.0,535306586.0,3086206.0,26071043.0,20771043.0,1.0,-391528920.0,324186740.0,324186740.0,4279101.0,1.0,5820609194.0,5774177691.0,25000001.0,1.0,1427069712.0,577069712.0,418500001.0,850000001.0,850000001.0,4717726222.0,1.0,1.0,1.0,1.0,1.0,1.0,1.0,1.0,1.0,1.0,1.0,1.0,1.0,1.0,1.0,1.0,1.0,1.0,1.0,1.0,1.0,1.0,1.0,1.0,1.0,44.0,0.0,0,2017,05
221,,gyeongbuk,173,20170531.0,100.0,nursing_hospital,694519921.0,1.0,1063064005.0,535306586.0,3086206.0,26071043.0,20771043.0,1.0,-391528920.0,324186740.0,324186740.0,4279101.0,1.0,5820609194.0,5774177691.0,25000001.0,1.0,1427069712.0,577069712.0,418500001.0,850000001.0,850000001.0,4717726222.0,1.0,1.0,1.0,1.0,1.0,1.0,1.0,1.0,1.0,1.0,1.0,1.0,1.0,1.0,1.0,1.0,1.0,1.0,1.0,1.0,1.0,1.0,1.0,1.0,1.0,44.0,0.0,0,2017,05
222,,gyeongbuk,10,19880906.0,66.0,hospital,4771337342.0,1.0,4924738890.0,2462769331.0,291375546.0,71670229.0,38559680.0,7189961.0,59113810.0,1043066606.0,1004572856.0,2200001.0,38493751.0,2892058816.0,2866418552.0,12572371.0,1.0,1672383492.0,1112383492.0,413102856.0,560000001.0,530000001.0,2262741930.0,1173386230.0,4804469842.0,1.0,4904652365.0,2359578171.0,274130654.0,105251464.0,38638824.0,4675461.0,64021208.0,993990043.0,953416046.0,1870001.0,40573998.0,2932134942.0,2909520378.0,12572371.0,1.0,1722496864.0,1162496864.0,443120634.0,560000001.0,530000001.0,2203628121.0,1114272421.0,70.0,70.0,0,1988,09
223,,gyeonggi,105,20050509.0,136.0,nursing_hospital,3000046697.0,1.0,2754925677.0,1265778001.0,5973742.0,51423541.0,1.0,1.0,199671222.0,869968986.0,849604241.0,318068337.0,20364746.0,6435496023.0,6426932243.0,1420001.0,1.0,4363618246.0,714710930.0,411225465.0,3648907317.0,3648907317.0,2941846763.0,865697763.0,2968797324.0,1.0,2696356918.0,1243802801.0,1457090.0,40224702.0,1.0,1.0,233672795.0,960053561.0,936612198.0,266128952.0,23441364.0,6611271294.0,6602707514.0,1420001.0,1.0,4811585981.0,662678665.0,406384135.0,4148907317.0,4148907317.0,2759738874.0,683589874.0,46.0,46.0,0,2005,05
224,,gyeongnam,6,19950706.0,94.0,hospital,12085310682.0,2345063452.0,9760131180.0,7079759391.0,242088412.0,203329446.0,90497093.0,11100721.0,7774298.0,1734400214.0,1516043475.0,1.0,218356740.0,7376729351.0,7286282551.0,76847701.0,1.0,6824774621.0,3389551949.0,400000001.0,3435222673.0,2901840001.0,2286354944.0,678344944.0,11846091595.0,2429975360.0,9622741496.0,6504509541.0,406754143.0,91509818.0,75129639.0,1677641.0,106941426.0,1800743571.0,1627477414.0,1.0,173266158.0,4997017049.0,4890870249.0,92547701.0,1.0,4519179973.0,3056049570.0,400000001.0,1463130404.0,1440000001.0,2278580647.0,670570647.0,129.0,134.0,0,1995,07
225,,ulsan,125,20130206.0,158.0,nursing_hospital,3681334747.0,133015780.0,3242305535.0,2194824006.0,22069416.0,100193420.0,87882914.0,1.0,227889430.0,599086961.0,583759031.0,448292439.0,15327931.0,4236694918.0,4087644918.0,78000001.0,1.0,2468529328.0,704789328.0,395979229.0,1763740001.0,1763740001.0,2367252551.0,2367252551.0,3328436371.0,138979293.0,2914251856.0,1935912091.0,13805383.0,130420214.0,108509605.0,5881.0,158584513.0,541522307.0,520759157.0,478034619.0,20763151.0,4227462859.0,4190012859.0,25000001.0,1.0,2629622044.0,888522044.0,493066343.0,1741100001.0,1741100001.0,2139363122.0,2139363122.0,67.0,72.0,0,2013,02
228,,jeonnam,175,19940708.0,94.0,hospital,8239625685.0,1.0,8036474714.0,4123918394.0,150609513.0,193347261.0,70671188.0,1.0,160413224.0,1697234104.0,1420532042.0,1.0,276702063.0,5085966406.0,5010966406.0,1.0,1.0,4890939864.0,1942711450.0,348465881.0,2948228415.0,2659253348.0,1892260646.0,708128560.0,7502611671.0,1.0,7046692344.0,3718354571.0,73658842.0,339582990.0,65744262.0,1.0,189995180.0,1886891630.0,1610327818.0,1.0,276563813.0,3693095019.0,3488095019.0,1.0,1.0,3848139226.0,1434744761.0,178006845.0,2413394466.0,2180773344.0,1731847423.0,547715337.0,85.0,82.0,0,1994,07
229,,gyeongnam,32,19881017.0,102.79411764705883,hospital,4865825741.0,328640851.0,4518515830.0,2568101151.0,1229857878.0,104728235.0,97558066.0,267479721.0,876318985.0,2942061015.0,2877547034.0,2169813429.0,64513982.0,12195187341.0,8488389289.0,240591101.0,1.0,9214354577.0,1571474907.0,336000001.0,7642879671.0,6959950001.0,5922893779.0,5137126810.0,3392320797.0,163792533.0,3588482069.0,1903150121.0,2312835254.0,135881430.0,110239751.0,786380801.0,1030619221.0,6352407896.0,6352407896.0,1458412967.0,1.0,7581883830.0,3710553342.0,224000001.0,1.0,8110172226.0,7790172226.0,4367571147.0,320000001.0,320000001.0,5824119500.0,4260807826.0,130.0,65.0,1,1988,10
239,,gyeongbuk,95,20150204.0,199.0,nursing_hospital,5805245842.0,243550387.0,4925257461.0,2523585347.0,152448.0,214691664.0,213691656.0,630831.0,421267950.0,1693862159.0,1671187319.0,822884402.0,22674841.0,4658748736.0,4543418736.0,115330001.0,1.0,4497231733.0,615904138.0,224233640.0,3881327596.0,3559911534.0,1855379162.0,1.0,4522626113.0,143501865.0,4192388163.0,2346052430.0,23890649.0,207851148.0,200822940.0,1.0,2775588.0,969799582.0,891785252.0,461822162.0,78014331.0,5011471779.0,4904141779.0,107330001.0,1.0,4547160148.0,391415568.0,30000001.0,4155744581.0,3783572525.0,1434111213.0,1.0,85.0,87.0,0,2015,02
241,,gyeonggi,74,20101223.0,401.0,nursing_hospital,28820808149.0,1.0,26262553097.0,10518017984.0,443301085.0,3409880348.0,386802521.0,431865951.0,-840190160.0,7352046532.0,7033324888.0,3827988536.0,318721645.0,19947228848.0,18671227574.0,348033001.0,1.0,26398483400.0,3018332658.0,200000001.0,23380150743.0,11116070105.0,900791980.0,-370273020.0,25484317521.0,1.0,22705095107.0,9323253297.0,309206519.0,2558473305.0,397114766.0,313899411.0,216056219.0,6220723924.0,5747138462.0,3859469841.0,473585463.0,20157079601.0,19029608347.0,287583001.0,1.0,24433486804.0,4548859998.0,1500000001.0,19884626807.0,10793629761.0,1944316721.0,673251721.0,236.0,236.0,0,2010,12
243,,gyeongbuk,8,20090219.0,131.0,nursing_hospital,3860050961.0,1.0,3539982017.0,2197332421.0,6570733.0,1.0,230149041.0,1.0,326639677.0,756919014.0,754920512.0,311004164.0,1998503.0,4016346786.0,3534112213.0,118980001.0,1.0,2259381264.0,534412694.0,1.0,1724968571.0,1530000001.0,2513884536.0,780812936.0,3909984701.0,1.0,3578814533.0,2217091021.0,14948088.0,1.0,193648697.0,1.0,346118256.0,669407238.0,667804053.0,342240980.0,1603186.0,3817646785.0,3520293117.0,118980001.0,1.0,2060465873.0,484727424.0,1.0,1575738450.0,1530000001.0,2426588150.0,693516550.0,29.0,75.0,0,2009,02
246,,jeonnam,145,19880801.0,191.0,general_hospital,10101810573.0,1776294761.0,8380210192.0,5336221851.0,151833894.0,85878961.0,51307457.0,1.0,11260555.0,820736078.0,658004748.0,617186246.0,162731331.0,8403699155.0,8304177857.0,99521299.0,1.0,2927022683.0,1169385413.0,168399094.0,1757637271.0,1657637271.0,6297412550.0,9530311.0,4037812916.0,867763749.0,3180942703.0,2135181721.0,27962464.0,43698654.0,20833654.0,1.0,-26629724.0,990725969.0,828429401.0,719125048.0,162281949.0,8562469698.0,8529295932.0,33173767.0,1.0,2955340251.0,1137545571.0,332417094.0,1817794681.0,1717794681.0,6597855416.0,9530311.0,116.0,570.8333333333334,0,1988,08
254,,choongbuk,152,20150124.0,60.0,hospital,2326749863.0,399970837.0,3083860293.0,1370629247.0,3559845.0,279595430.0,228185309.0,4450441.0,-1437567290.0,1320624540.0,1277669039.0,314922198.0,42955502.0,9535549991.0,9533549991.0,2000001.0,1.0,6676343773.0,1027132941.0,125593131.0,5649210833.0,4193665338.0,4179830758.0,1.0,403125081.0,1.0,344057773.0,186346221.0,1549.0,22238709.0,22238709.0,1.0,36830149.0,280574917.0,233574917.0,208068559.0,47000001.0,8917908901.0,8917908901.0,1.0,1.0,3581085769.0,481085769.0,117947276.0,3100000001.0,3100000001.0,5617398049.0,1.0,37.0,140.56666666666666,0,2015,01
258,,busan,72,20111222.0,187.98360655737704,nursing_hospital,872179111.0,48990717.0,769474380.0,517556622.0,6335.0,34885966.0,13166112.0,1820441.0,17013945.0,351747487.0,347849277.0,309003618.0,3014501.0,1099506238.0,1099506238.0,1.0,1.0,858702608.0,186721098.0,34770001.0,671981511.0,633981511.0,592551117.0,1.0,958370065.0,36826452.0,827022362.0,492766326.0,3961.0,41835967.0,18437527.0,1.0,52689247.0,268532611.0,265281131.0,222813857.0,3251481.0,1135020468.0,1135020468.0,1.0,1.0,828015906.0,486380954.0,353900001.0,341634953.0,316749911.0,575537173.0,1.0,25.0,26.0,1,2011,12
260,,ulsan,124,20131128.0,120.0,hospital,3873943059.0,195181604.0,4801948311.0,2764029568.0,572383.0,233284075.0,192580429.0,1.0,-1355898546.0,1.0,1.0,1.0,1.0,1.0,1.0,1.0,1.0,1.0,1.0,1.0,1.0,1.0,1.0,1.0,40941041.0,1.0,525424189.0,370249301.0,311230.0,15952001.0,11952001.0,1.0,-500123918.0,1.0,1.0,1.0,1.0,1.0,1.0,1.0,1.0,1.0,1.0,1.0,1.0,1.0,1.0,1.0,45.0,45.0,0,2013,11
282,,gyeonggi,12,20071224.0,122.0,nursing_hospital,3203369761.0,121305946.0,3016977155.0,1691654971.0,2767326.0,42813141.0,42748981.0,1.0,25040847.0,572203991.0,559381967.0,238205018.0,273501.0,3256595680.0,2994192939.0,79510331.0,1.0,1911263612.0,411263612.0,1.0,1500000001.0,1500000001.0,1917536059.0,1.0,3215763568.0,88929043.0,2923268082.0,1579212041.0,73389188.0,58998773.0,38628773.0,26170341.0,191786520.0,598918239.0,598265596.0,252655438.0,1.0,3198457004.0,3032836784.0,33090501.0,1.0,1904880030.0,1904880030.0,1500000001.0,1.0,1.0,1892495213.0,1.0,47.0,0.0,0,2007,12
292,,gyeonggi,24,19960308.0,12.0,clinic,3502171288.0,1.0,3734032402.0,2302743311.0,24842773.0,26981986.0,15108460.0,1.0,-234000326.0,586307607.0,537944464.0,296215155.0,48363144.0,2776432433.0,2641040472.0,5100001.0,1.0,2646999297.0,1370486235.0,1.0,1276513063.0,415000001.0,715740743.0,-25228157.0,3725639511.0,1.0,3814298685.0,2319919004.0,11479942.0,16619799.0,13834247.0,1.0,-93799030.0,662325085.0,613510566.0,192701980.0,48814520.0,2456996986.0,2451896986.0,5100001.0,1.0,2170056437.0,885804691.0,1.0,1284251747.0,415000001.0,949265634.0,208296734.0,52.0,52.0,0,1996,03
293,,jeonbuk,26,20050503.0,124.0,nursing_hospital,19040120302.0,1809686867.0,18630988375.0,9159502877.0,3612970060.0,2069878981.0,967337722.0,44654800.0,97881342.0,138476791.0,138476791.0,100980931.0,1.0,4592048855.0,2829903501.0,1.0,1.0,44852006.0,1009044866.0,1.0,1.0,1.0,925107971.0,4288626280.0,18117082194.0,1685135844.0,14954784061.0,8569088084.0,45280315.0,1215562463.0,1090310726.0,63119449.0,243760695.0,184957436.0,183748946.0,176641381.0,1208491.0,4395337616.0,2829903501.0,1.0,1.0,57485252.0,1047007613.0,1.0,1.0,1.0,971025292.0,4209769514.0,98.42622950819673,93.79310344827586,0,2005,05
294,,choongnam,28,20070914.0,124.0,nursing_hospital,3023693311.0,83253063.0,2708665451.0,1438180080.0,84776267.0,174381427.0,138877327.0,19456898.0,122712742.0,2320507789.0,2314833989.0,345135638.0,5673801.0,5458576211.0,5447576211.0,11000001.0,1.0,1666029150.0,139085576.0,1.0,1526943575.0,1526943575.0,6113054850.0,1.0,2953772261.0,88992479.0,2773533797.0,1408527603.0,77469179.0,211047475.0,138153155.0,1.0,-42332309.0,2326351939.0,2321114212.0,217837441.0,5237728.0,5661081090.0,5650081090.0,11000001.0,1.0,1997090920.0,263562971.0,1.0,1733527950.0,1733527950.0,5990342109.0,1.0,47.0,47.0,1,2007,09
299,,gyeongnam,32,20160329.0,156.0,nursing_hospital,2807252791.0,189692305.0,3719921251.0,2004020935.0,1.0,1.0,215416714.0,1.0,-1102360763.0,2519927280.0,2299566280.0,16500001.0,220361001.0,5535015298.0,5431439537.0,50400162.0,1.0,9233546794.0,4166036794.0,1.0,5067510001.0,5067510001.0,-1178604216.0,1.0,1279056569.0,108686958.0,2322884131.0,1408016851.0,1.0,1.0,158956618.0,1.0,-1152514518.0,2369326149.0,2267223149.0,11000001.0,102103001.0,5698856624.0,5594372463.0,45400162.0,1.0,7930073124.0,2930073124.0,1.0,5000000001.0,5000000001.0,138109649.0,1.0,56.0,54.0,0,2016,03
301,,gyeongnam,32,20120220.0,174.0,nursing_hospital,3909618457.0,140999793.0,3529514999.0,2510576804.0,14164803.0,1.0,233132295.0,1.0,253268469.0,1425011576.0,1310775576.0,904006962.0,114236001.0,5616632655.0,5589632655.0,27000001.0,1.0,4704816403.0,492937696.0,1.0,4211878708.0,4211878708.0,2336827828.0,1.0,3834959081.0,135442241.0,3589611609.0,2567364677.0,131359432.0,1.0,230484001.0,1.0,241264664.0,1674054722.0,1610252592.0,767912337.0,63802131.0,5058892578.0,5055892578.0,3000001.0,1.0,4439122348.0,412515799.0,1.0,4026606550.0,4026606550.0,2293824952.0,1.0,76.0,83.0,1,2012,02
307,,gyeongnam,35,19880826.0,95.0,hospital,10765900123.0,1.0,11483996497.0,6326855030.0,823222666.0,69643964.0,49141907.0,1.0,35482329.0,1512967959.0,1429411176.0,931023841.0,83556784.0,5247102811.0,4734251255.0,512851557.0,1.0,4519783460.0,2902783460.0,1.0,1620000001.0,1594400001.0,2240287310.0,1.0,9466426521.0,1.0,9788969059.0,5240956231.0,404832241.0,69775903.0,45457290.0,1.0,12513801.0,1594623807.0,1505988268.0,754194051.0,88635540.0,5104398322.0,4683738322.0,420660001.0,1.0,4494217147.0,2731017147.0,1.0,1763200001.0,1740600001.0,2204804982.0,1.0,125.0,125.0,0,1988,08
310,,seoul,36,20100531.0,104.0,nursing_hospital,2846454140.0,1.0,2975635458.0,1226582600.0,27863966.0,152257911.0,39142559.0,1.0,-253575262.0,1358299894.0,1358299894.0,5922691.0,1.0,1800441174.0,1650367840.0,150000001.0,1.0,1452610482.0,1372151316.0,1.0,80459167.0,1.0,1706130586.0,143773551.0,3258857835.0,1.0,3060128159.0,1364295628.0,12313685.0,38708619.0,34705683.0,24136659.0,148198085.0,1267779939.0,1267779939.0,705851.0,1.0,2076712977.0,1878377883.0,197381761.0,1.0,1902391249.0,1902391249.0,1649456933.0,1.0,1.0,1442101667.0,397348814.0,98.42622950819673,93.79310344827586,0,2010,05
326,,seoul,52,20071023.0,188.0,nursing_hospital,7076517446.0,437440465.0,5997597083.0,3178469751.0,5948529.0,3066601.0,1.0,97387101.0,546974728.0,2478398937.0,2465753247.0,632011861.0,12645691.0,5246906924.0,5146646924.0,100260001.0,1.0,1830139596.0,1356093486.0,1.0,474046111.0,1.0,5895166265.0,1.0,6396648833.0,396476703.0,5458001477.0,2898863181.0,2552261.0,12933527.0,7934466.0,14830576.0,516958814.0,1189395947.0,1186140867.0,455543451.0,3255081.0,5350630244.0,5250370244.0,100260001.0,1.0,1191834653.0,1059697893.0,1.0,132136761.0,1.0,5348191538.0,1.0,80.0,81.0,0,2007,10
330,,choongbuk,57,20090508.0,174.0,nursing_hospital,4625146251.0,1.0,4464409286.0,2208583337.0,34999145.0,95069925.0,87469376.0,1.0,100666186.0,476455520.0,476455520.0,303921859.0,1.0,4677990364.0,4666330364.0,11660001.0,1.0,3818442751.0,1520053070.0,1.0,2298389682.0,2298389682.0,1336003133.0,562073773.0,4685275141.0,1.0,4453379802.0,2227336006.0,37609324.0,91735803.0,86485803.0,1.0,177768861.0,370962595.0,370962595.0,247732721.0,1.0,4248879993.0,4241279993.0,7600001.0,1.0,3384505640.0,1554505640.0,1.0,1830000001.0,1830000001.0,1235336948.0,562073773.0,63.0,52.0,0,2009,05
334,,busan,61,19990212.0,25.0,hospital,6471901321.0,352489793.0,6122838172.0,3868987351.0,39822972.0,26847911.0,21847911.0,2441011.0,7107409.0,1659182538.0,1604580076.0,1175707361.0,54602463.0,7807625095.0,7623438325.0,130320001.0,1.0,2905561719.0,261902316.0,1.0,2643659404.0,800000001.0,6561245914.0,1820237996.0,6543863478.0,353956149.0,6218292256.0,3828402231.0,73156239.0,30774711.0,22319196.0,1.0,13996603.0,1601501040.0,1560037560.0,859885731.0,41463481.0,7852941806.0,7668755036.0,130320001.0,1.0,2900304340.0,256644937.0,1.0,2643659404.0,800000001.0,6554138506.0,1813130588.0,90.0,90.0,0,1999,02
336,,busan,62,20100423.0,194.0,nursing_hospital,9415617491.0,1.0,8968913625.0,5677301294.0,131414974.0,559742866.0,67442886.0,89043271.0,-70667295.0,2201031756.0,2201031756.0,1376992104.0,1.0,7257672916.0,5275394719.0,500000001.0,1.0,5791812669.0,1152504761.0,1.0,4639307909.0,2040000001.0,3666892003.0,1239850237.0,9556086351.0,1.0,8847120005.0,5493770719.0,125568390.0,645188835.0,46754915.0,210419011.0,-21073108.0,1815022643.0,1815022643.0,1164451158.0,1.0,6868778500.0,5124337673.0,500000001.0,1.0,4946241844.0,689785016.0,1.0,4256456829.0,2080000001.0,3737559299.0,1310517533.0,190.0,170.0,0,2010,04
337,,busan,62,20060621.0,275.0,nursing_hospital,15660220801.0,1371181123.0,12233635707.0,7414728954.0,111278815.0,1300109364.0,200073494.0,256150851.0,610422574.0,5742607278.0,5732021707.0,1467171436.0,10585572.0,9108292329.0,6641812129.0,2140300001.0,1.0,5826243872.0,496243872.0,1.0,5330000001.0,5330000001.0,9024655735.0,1.0,16070778741.0,1437084398.0,12067942022.0,7249774410.0,84023628.0,1280633509.0,207177543.0,322238921.0,1046903522.0,5140492776.0,5130314042.0,1373224396.0,10178735.0,9875138769.0,7180398569.0,2156560001.0,1.0,6601398383.0,906398383.0,415479891.0,5700000001.0,5700000001.0,8414233162.0,1.0,222.0,222.0,0,2006,06
341,,busan,66,20100226.0,187.98360655737704,nursing_hospital,39441591.0,1835645.0,113993912.0,54852538.0,3240001.0,146544399.0,12726532.0,8433481.0,-228125842.0,44027349.0,44027349.0,37018506.0,1.0,3720335026.0,3720335026.0,1.0,1.0,2029206431.0,144206431.0,1.0,1890000001.0,1890000001.0,1735155944.0,1.0,2284414712.0,652246619.0,1727133860.0,1037262095.0,5707844.0,68518195.0,67216052.0,9773611.0,-167549726.0,106622965.0,96552485.0,45816872.0,1637001.0,3869996733.0,3858040733.0,11956001.0,1.0,2013337911.0,128337911.0,1.0,1890000001.0,1890000001.0,1963281787.0,1.0,32.0,32.0,0,2010,02
343,,busan,67,20080804.0,175.0,nursing_hospital,4324061551.0,145170513.0,3688645505.0,2062700527.0,54516802.0,157277723.0,110692051.0,61854781.0,325629834.0,2356176970.0,2350994865.0,424957791.0,5182106.0,5294389542.0,5294389542.0,1.0,1.0,3984782765.0,484782765.0,1.0,3500000001.0,3500000001.0,3665783747.0,2170400356.0,4137903371.0,136085134.0,3491813582.0,1932590051.0,51365318.0,207563854.0,152655181.0,57596941.0,296209181.0,1889037341.0,1879150503.0,419142871.0,9886839.0,5450482768.0,5450482768.0,1.0,1.0,3999366195.0,499366195.0,1.0,3500000001.0,3500000001.0,3340153914.0,1844770523.0,67.0,67.0,0,2008,08
348,,choongnam,73,20110404.0,162.0,nursing_hospital,3235888531.0,153447923.0,2977818283.0,1851296221.0,888312.0,45416389.0,44766389.0,5161721.0,54932530.0,895916148.0,869790528.0,632674513.0,26125621.0,3448522270.0,3409122270.0,39400001.0,1.0,2047027776.0,387950834.0,1.0,1659076943.0,1410000001.0,2297410642.0,1.0,2963309661.0,151221465.0,2656666426.0,1752450221.0,4098684.0,99794870.0,39766944.0,1.0,59725586.0,692205210.0,670070010.0,576012729.0,22135201.0,3348350367.0,3308950367.0,39400001.0,1.0,1784794974.0,392577092.0,1.0,1392217883.0,1090000001.0,2255760603.0,1.0,66.0,66.0,0,2011,04
368,,gyeonggi,99,20080807.0,149.0,nursing_hospital,17855223157.0,1.0,20831295204.0,10119106741.0,1972119860.0,314182109.0,291767885.0,1.0,-1318134295.0,1.0,1.0,1.0,1.0,1.0,1.0,1.0,1.0,1.0,1.0,1.0,1.0,1.0,1.0,1.0,18522303266.0,1.0,19564511795.0,9904327333.0,817477480.0,273357913.0,270787029.0,1.0,-498088961.0,1.0,1.0,1.0,1.0,1.0,1.0,1.0,1.0,1.0,1.0,1.0,1.0,1.0,1.0,1.0,224.0,239.0,0,2008,08
370,,gyeongnam,101,20121030.0,236.0,nursing_hospital,6424633771.0,277509391.0,5521852245.0,3469814471.0,20630099.0,120726817.0,85682326.0,59746401.0,465429019.0,2217284697.0,2217284697.0,948943640.0,1.0,5261753790.0,5151045587.0,4900001.0,1.0,3256514977.0,578514977.0,1.0,2680000001.0,2680000001.0,4222523510.0,900028312.0,5944442071.0,280006096.0,5203995099.0,3243576451.0,25429431.0,110590377.0,91416503.0,11671165.0,363608768.0,1463296251.0,1463296251.0,740330026.0,1.0,5544472813.0,5422192639.0,6900001.0,1.0,3206273806.0,566273806.0,1.0,2640000001.0,2640000001.0,3801495258.0,479000060.0,130.0,130.0,0,2012,10
374,,gyeongbuk,107,20120618.0,142.0,nursing_hospital,872461861.0,1.0,797293613.0,379791953.0,11506492.0,16506707.0,15990707.0,1.0,70168034.0,1665423334.0,1665423334.0,1.0,1.0,4569689385.0,4524689385.0,30000001.0,1.0,2606700605.0,328700605.0,1.0,2280000001.0,2280000001.0,3628412114.0,1.0,1.0,1.0,1.0,1.0,1.0,1.0,1.0,1.0,1.0,1.0,1.0,1.0,1.0,1.0,1.0,1.0,1.0,1.0,1.0,1.0,1.0,1.0,1.0,1.0,61.0,93.79310344827586,0,2012,06
377,,gyeongbuk,113,20130523.0,377.0,nursing_hospital,13842183881.0,1.0,11011996720.0,6791354811.0,122104379.0,1691550875.0,200233335.0,279212464.0,981528203.0,3369634599.0,3326634599.0,1908242011.0,43000001.0,14500245766.0,14060793450.0,109970001.0,1.0,14307786083.0,3950517667.0,1.0,10357268417.0,6571860001.0,3562094282.0,1.0,13158971916.0,1.0,11091862204.0,6027463235.0,125458085.0,1308850454.0,233755986.0,191856441.0,691860904.0,2353032541.0,2309714153.0,1669601704.0,43318389.0,14347838927.0,14228980547.0,87970001.0,1.0,14120305388.0,4404083388.0,1.0,9716222001.0,7412540001.0,2580566080.0,1.0,190.0,190.0,0,2013,05
380,,choongbuk,117,20100913.0,12.0,nursing_hospital,1703219121.0,1.0,1722127417.0,1089792631.0,13420718.0,32463056.0,24862816.0,1.0,-37950633.0,581054582.0,581054582.0,210391971.0,1.0,1592363137.0,1592363137.0,1.0,1.0,792979503.0,132979503.0,1.0,660000001.0,660000001.0,1380438216.0,1.0,1758359401.0,1.0,1649947309.0,994300011.0,14739675.0,41559558.0,31207766.0,1.0,81592210.0,558304425.0,558304425.0,141961821.0,1.0,1691894730.0,1691894730.0,1.0,1.0,821284185.0,161284185.0,1.0,660000001.0,660000001.0,1428914970.0,1.0,28.0,25.0,1,2010,09
382,,ulsan,123,19970422.0,103.0,hospital,81592457514.0,14958384378.0,58382491505.0,41180659591.0,1001900509.0,1061933693.0,468197566.0,1470911861.0,6720636589.0,25208553929.0,24940224030.0,1.0,268329900.0,59508838128.0,57342481112.0,143076701.0,1.0,37219430600.0,15350916477.0,1.0,21868514124.0,12685694669.0,47497961457.0,23771308977.0,74988954768.0,14321305146.0,53528122315.0,37143493441.0,3724670866.0,1278392546.0,622136041.0,1336396351.0,8249409279.0,19204498354.0,18964510737.0,160911.0,239987618.0,60468891365.0,57733957123.0,133346701.0,1.0,38896064850.0,15317519809.0,1.0,23578545042.0,14791061481.0,40777324869.0,23771308977.0,604.0,604.0,0,1997,04
387,,gyeongbuk,132,20060401.0,74.0,nursing_hospital,2755846060.0,1.0,2691651036.0,1561923090.0,25577202.0,68603269.0,68603253.0,5846522.0,15322437.0,1835339404.0,1835339404.0,394648500.0,1.0,2335423938.0,2056548495.0,110450001.0,1.0,2124576278.0,99576278.0,1.0,2030000001.0,2030000001.0,2046187064.0,1.0,2664335590.0,1.0,2592821967.0,1421629354.0,27984622.0,76148395.0,75988693.0,4852671.0,18497181.0,1857458477.0,1857458477.0,482482068.0,1.0,2280193037.0,2011767594.0,100000001.0,1.0,2106786886.0,81786886.0,1.0,2030000001.0,2030000001.0,2030864628.0,1.0,55.0,56.0,0,2006,04
388,,gyeongbuk,132,20000801.0,102.0,hospital,9737271346.0,1.0,1.0,1.0,1.0,10071681270.0,1.0,1.0,-334409923.0,330859585.0,330859585.0,278571138.0,1.0,3682387257.0,3592387257.0,90000001.0,1.0,4482911372.0,1541896878.0,1.0,2941014495.0,2063135823.0,-469664530.0,1.0,6916241704.0,1.0,1.0,1.0,1.0,7649475493.0,1.0,1.0,-733233788.0,387778577.0,387778577.0,168735652.0,1.0,3568485347.0,3498485347.0,70000001.0,1.0,4879530860.0,1416482644.0,1.0,3463048217.0,2422436488.0,-923266936.0,1.0,33.0,20.0,0,2000,08
389,,gyeonggi,134,20120503.0,53.0,hospital,6296805354.0,1192329215.0,4880757705.0,3477671959.0,52545762.0,235283635.0,199148567.0,7108831.0,33871733.0,1.0,1.0,1.0,1.0,1.0,1.0,1.0,1.0,1.0,1.0,1.0,1.0,1.0,1.0,1.0,6209962226.0,1.0,5861164026.0,3111653650.0,24638179.0,235218891.0,1.0,14258181.0,123959309.0,1.0,1.0,1.0,1.0,1.0,1.0,1.0,1.0,1.0,1.0,1.0,1.0,1.0,1.0,1.0,63.0,63.0,0,2012,05
394,,incheon,140,19990610.0,20.0,clinic,1093225343.0,1.0,1064146299.0,645557967.0,5894592.0,6499455.0,1634317.0,3329588.0,25144595.0,256618465.0,255632465.0,1.0,986001.0,926064670.0,723000368.0,203064303.0,2664303.0,105100777.0,75100777.0,1.0,30000001.0,30000001.0,1077582358.0,1.0,1046621925.0,1.0,1002233430.0,583760286.0,2753252.0,5007864.0,2380834.0,2338801.0,39795084.0,228717447.0,227800447.0,1.0,917001.0,940021102.0,737154709.0,202866394.0,2466394.0,116300785.0,75300785.0,1.0,41000001.0,41000001.0,1052437764.0,1.0,16.0,16.0,0,1999,06
395,,jeonbuk,143,20161229.0,156.0,nursing_hospital,10611032.0,1.0,8801.0,1.0,1.0,1.0,1.0,1.0,10602232.0,1.0,1.0,1.0,1.0,1.0,1.0,1.0,1.0,1.0,1.0,1.0,1.0,1.0,1.0,1.0,1.0,1.0,1.0,1.0,1.0,1.0,1.0,1.0,1.0,1.0,1.0,1.0,1.0,1.0,1.0,1.0,1.0,1.0,1.0,1.0,1.0,1.0,1.0,1.0,36.0,93.79310344827586,0,2016,12
396,,jeonbuk,143,20161229.0,156.0,nursing_hospital,10611032.0,1.0,8801.0,1.0,1.0,1.0,1.0,1.0,10602232.0,1.0,1.0,1.0,1.0,1.0,1.0,1.0,1.0,1.0,1.0,1.0,1.0,1.0,1.0,1.0,1.0,1.0,1.0,1.0,1.0,1.0,1.0,1.0,1.0,1.0,1.0,1.0,1.0,1.0,1.0,1.0,1.0,1.0,1.0,1.0,1.0,1.0,1.0,1.0,36.0,93.79310344827586,0,2016,12
397,,jeonbuk,147,20130722.0,194.0,nursing_hospital,5479247781.0,295974634.0,5173015226.0,3263054071.0,7071509.0,70040709.0,65052344.0,1.0,-52711277.0,753946846.0,744070596.0,529993533.0,9876251.0,6845456375.0,6617844689.0,25799001.0,1.0,2186917693.0,356470649.0,1.0,1830447045.0,1830447045.0,5412485528.0,1.0,5228549031.0,326796182.0,5123227066.0,3153987491.0,26282596.0,82381908.0,77726070.0,1.0,-277573527.0,839722068.0,829705728.0,590637124.0,10016341.0,7106466368.0,6958012824.0,20799001.0,1.0,2470991630.0,378970299.0,1.0,2092021332.0,2092021332.0,5475196806.0,1.0,106.0,103.0,0,2013,07
398,,jeju,149,20070912.0,13.0,nursing_hospital,7492834150.0,1.0,6547069894.0,2527670217.0,148120857.0,601828754.0,193531716.0,141779001.0,350277360.0,2292805433.0,2219604939.0,765749756.0,73200495.0,8309067143.0,7513837206.0,31125001.0,1.0,6938766298.0,271496859.0,1.0,6667269440.0,5646644001.0,3663106278.0,1.0,7280189838.0,1.0,5952265935.0,2540482851.0,196931215.0,789245777.0,116581459.0,64761261.0,670848082.0,1779101714.0,1717013387.0,998679521.0,62088328.0,8372412491.0,7452794936.0,30450001.0,1.0,6934269395.0,476785315.0,1.0,6457484081.0,5786636001.0,3217244810.0,1.0,66.0,68.0,0,2007,09
401,,gyeongnam,155,20080602.0,170.0,hospital,7897860941.0,866883988.0,6393699076.0,3553658001.0,30827146.0,296902094.0,132573375.0,60703131.0,310499801.0,1176098220.0,1152938481.0,5467971.0,23159740.0,8739596304.0,8668758286.0,38031201.0,1.0,4041861865.0,791129613.0,1.0,3250732253.0,3250732253.0,5873832659.0,1424647238.0,7783065291.0,885272297.0,6199745643.0,3397664639.0,15251328.0,351730259.0,167720825.0,73237128.0,288331295.0,1012792486.0,993819877.0,6565301.0,18972610.0,8728740044.0,8495281870.0,48057201.0,1.0,3859567538.0,709244708.0,1.0,3150322831.0,3150322831.0,5881964992.0,1299147438.0,104.0,98.0,0,2008,06
403,,choongnam,159,20131226.0,148.0,nursing_hospital,4094377701.0,1.0,4062433338.0,2025037731.0,2445845.0,110762671.0,105896121.0,1.0,-76372462.0,1.0,1.0,1.0,1.0,1.0,1.0,1.0,1.0,1.0,1.0,1.0,1.0,1.0,1.0,1.0,3854779261.0,1.0,3861625754.0,1946642196.0,2016274.0,125256496.0,123529615.0,1.0,-130086714.0,1.0,1.0,1.0,1.0,1.0,1.0,1.0,1.0,1.0,1.0,1.0,1.0,1.0,1.0,1.0,60.0,57.0,0,2013,12
404,,choongnam,159,20110926.0,149.0,nursing_hospital,1713748131.0,154048911.0,1544841143.0,909009900.0,31802044.0,102080.0,1.0,5121385.0,41436659.0,357458090.0,343908990.0,1.0,13549101.0,2254348973.0,2233148973.0,20000001.0,1.0,460466783.0,460466783.0,1.0,1.0,1.0,2151340280.0,1.0,1375262761.0,95080681.0,1244314311.0,706161060.0,11188472.0,2835681.0,1.0,2035531.0,42185032.0,381360428.0,375949828.0,1.0,5410601.0,2168594066.0,2146794066.0,20000001.0,1.0,440050872.0,440050872.0,1.0,1.0,1.0,2109903622.0,1.0,19.0,19.0,0,2011,09
410,,choongbuk,165,19930614.0,136.0,nursing_hospital,3094658041.0,222734031.0,2657350486.0,1980105437.0,32010724.0,144936632.0,119622622.0,1.0,101647618.0,312222174.0,300440704.0,153971.0,11781471.0,6820441502.0,6798386473.0,11600001.0,1.0,4369717699.0,449946426.0,1.0,3919771274.0,2699995377.0,2762945977.0,1.0,1936572997.0,244686609.0,1768654402.0,1346670960.0,14770057.0,168281416.0,133345600.0,1.0,-230279371.0,1110167516.0,1097083226.0,111311.0,13084291.0,6280818831.0,6253089456.0,17450001.0,1.0,4729687987.0,695803643.0,1.0,4033884345.0,3005150733.0,2661298360.0,1.0,49.0,40.0,0,1993,06
413,,gyeonggi,168,20000101.0,49.0,nursing_hospital,558362471.0,74434149.0,548290005.0,282685214.0,3138901.0,1281313632.0,33462262.0,1.0,-1342536412.0,1.0,1.0,1.0,1.0,1.0,1.0,1.0,1.0,1.0,1.0,1.0,1.0,1.0,1.0,1.0,1160742201.0,130524846.0,761417109.0,459099356.0,1045467.0,120385798.0,70385798.0,1.0,149459917.0,1.0,1.0,1.0,1.0,1.0,1.0,1.0,1.0,1.0,1.0,1.0,1.0,1.0,1.0,1.0,21.0,21.0,0,2000,01
421,,gyeonggi,177,20110415.0,167.0,nursing_hospital,447103001.0,142333924.0,258151405.0,119127001.0,11819785.0,1.0,1.0,8752056.0,49685403.0,281135897.0,233613482.0,1890001.0,47522416.0,2143993604.0,2143993604.0,1.0,1.0,58003561.0,33540872.0,1.0,24462690.0,1.0,2367125940.0,1.0,464957001.0,109673777.0,315326400.0,73569007.0,368344.0,1.0,1.0,1.0,40325169.0,38130019.0,1.0,1.0,38130019.0,2212408194.0,2212408194.0,1.0,1.0,1022401482.0,49244181.0,1.0,973157302.0,1.0,1228136731.0,1.0,111.0,111.0,0,2011,04
424,,jeonnam,33,20011012.0,0.0,traditional_clinic,22330305918.0,848465678.0,18492554092.0,12322408351.0,423628902.0,1304816894.0,417949095.0,415894517.0,1692203642.0,18292922273.0,18184287158.0,3728960465.0,108635116.0,13076229995.0,12656386689.0,312415621.0,1.0,15827363793.0,12859729049.0,1.0,2967634745.0,1.0,15541788475.0,1.0,22395094766.0,849208519.0,18055026393.0,11388845171.0,483447585.0,1574477732.0,571079591.0,553752071.0,1846077639.0,17088185796.0,17018788325.0,3084698894.0,69397472.0,12393573119.0,11730061608.0,310415621.0,1.0,15632174081.0,12881803376.0,1.0,2750370706.0,1.0,13849584834.0,1.0,560.0,409.0,0,2001,10
425,,gyeonggi,74,20010530.0,46.6,traditional_hospital,18339061750.0,1.0,17601165050.0,6824241311.0,31454473.0,21226326.0,20955826.0,690333413.0,57791436.0,3706256230.0,3706256230.0,1055425051.0,1.0,7787147420.0,7339147420.0,240000001.0,1.0,1938709766.0,1893266801.0,1.0,45442966.0,1.0,9554693884.0,8116872842.0,19115032633.0,1.0,18247170861.0,7250613556.0,41234196.0,74334515.0,56334514.0,161647511.0,673113944.0,4588940546.0,4588940546.0,1188603561.0,1.0,7162189676.0,6820409676.0,133780001.0,1.0,3176627773.0,1376741521.0,1.0,1799886253.0,1740000001.0,8574502449.0,7136681407.0,132.0,137.0,0,2001,05
429,,gyeonggi,116,20010101.0,150.0,hospital,14242664952.0,1726174242.0,11487224106.0,6279155192.0,27234505.0,860727882.0,847168145.0,18532941.0,177240289.0,1.0,1.0,1.0,1.0,1.0,1.0,1.0,1.0,1.0,1.0,1.0,1.0,1.0,1.0,1.0,13072334529.0,1629290188.0,10605787404.0,5655639954.0,126003905.0,810119293.0,689457854.0,18015171.0,135126381.0,1.0,1.0,1.0,1.0,1.0,1.0,1.0,1.0,1.0,1.0,1.0,1.0,1.0,1.0,1.0,148.09375,140.56666666666666,0,2001,01
430,,jeju,76,20010201.0,292.2105263157895,general_hospital,48927096686.0,41571482612.0,4721485294.0,1514547080.0,85098149.0,1270081419.0,837926648.0,31802062.0,1417343451.0,10282864994.0,9002630442.0,15569327.0,1280234553.0,29520302154.0,8782116865.0,7537348638.0,1.0,38590886633.0,9342813901.0,1.0,29248072733.0,25631200001.0,1212280515.0,1.0,47584771797.0,40158526994.0,5061218683.0,1404340908.0,99795508.0,1274425877.0,843338693.0,1.0,1190395753.0,7848232915.0,6707101750.0,15569327.0,1141131166.0,29150673122.0,7869000998.0,7112779553.0,1.0,37203968972.0,8485918078.0,1.0,28718050895.0,25631200001.0,-205062935.0,1.0,363.0,343.0,0,2001,02
431,,choongbuk,163,19961216.0,96.0,hospital,10924439615.0,1168730913.0,8709839396.0,3784543098.0,44291133.0,723087616.0,422093848.0,25911851.0,341160975.0,1.0,1.0,1.0,1.0,1.0,1.0,1.0,1.0,1.0,1.0,1.0,1.0,1.0,1.0,1.0,11192037108.0,1354811923.0,9338873877.0,3757220970.0,37288945.0,471056838.0,455756838.0,16297264.0,48286154.0,1.0,1.0,1.0,1.0,1.0,1.0,1.0,1.0,1.0,1.0,1.0,1.0,1.0,1.0,1.0,148.09375,140.56666666666666,0,1996,12
